"RelPath","SizeKB","Modified","SHA256"
".gitattributes","0.1","2026-07-25","1A1DBE176BC233B499D35A57DB7513F2941C99AB9759F177830C9149BE99005B"
"Material\01 - Project Specific\Fixtures\tradelink\1066143_ROCKHAMPTON_SPORTS_PRECINCT.pdf","37.4","2026-07-17","E09B850D732A864032652220D5A67DB4CC3235FFDDAA12CF693B75207EEFB79B"
"Material\01 - Project Specific\Material\CIVIL SW QUOTE\CIVIL SW DETENTION TANK\ATLAN\26-87004 ROCKHAMPTON NETBALL CENTRE NORMAN GARDENS - TRICORE.pdf","979.8","2026-07-16",
"Material\01 - Project Specific\Material\CIVIL SW QUOTE\CIVIL SW HDPE PIPE\ATLAN\26-87004-1 (SN8) ROCKHAMPTON NETBALL CENTRE NORMAN GARDENS STG 1 - TRICORE.pdf","1005.1","2026-07-16",
"Material\01 - Project Specific\Material\CIVIL SW QUOTE\RCP HEADWALL CULVERT ETC\Humes\Humes Service Fees.pdf","154.9","2026-07-16","F61A9ABAA3FD57E84BA1021C8BF1BECE59FE18AEBD96944F964EF5221AF4860E"
"Material\01 - Project Specific\Material\CIVIL SW QUOTE\RCP HEADWALL CULVERT ETC\Humes\Humes Tender & Contract Terms - Holcim (Australia) Pty Ltd - trading as Humes (April 2026).pdf","75.1","2026-07-16",
"Material\01 - Project Specific\Material\CIVIL SW QUOTE\RCP HEADWALL CULVERT ETC\Humes\Humes Terms Sale.pdf","560.7","2026-07-16","E700C6F848ADF98A2936E9C8FC076DAD19289192B7EF52023AD2C665DAD5196A"
"Material\01 - Project Specific\Material\CIVIL SW QUOTE\RCP HEADWALL CULVERT ETC\Humes\HUMES_Q21642316_REV2_TRICORE PLUMBING_ROCKHAMPTON SPORTS PRECINCT #10260517.pdf.pdf","1040","2026-07-24",
"Material\01 - Project Specific\Material\CIVIL SW QUOTE\RCP HEADWALL CULVERT ETC\Humes\SS_HUME QUOTE.pdf","1040","2026-07-16","92FFDD4F54C2B3F9F0774885A010F55BF023918127EA471505E82F794277AC58"
"Material\01 - Project Specific\Material\CIVIL SW QUOTE\RCP HEADWALL CULVERT ETC\Jaybro\stephen quote.msg","500","2026-07-16","8A64C99E01393DD127E2DFD1BE1E7D731503FA321702E4EC98F28678699847E7"
"Material\01 - Project Specific\Material\CIVIL SW QUOTE\REECE CIVIL QUOTE FOR ALL\Q-459014445-260716_095312503-line.pdf","95.9","2026-07-16","08319AB73FE2C71DB24EBEBF5EED928B9BADF36BE0A1A3F8A91B5027AC45823D"
"Material\01 - Project Specific\Material\Hydraulic\APS SEWER STATION\Quote_No_14065 - Rockhampton Sports Precinct.pdf","592.1","2026-07-22","88D467997D693A4FDA5907AC21A3A46054B7D9B738DD425E5F03A76B18751D3A"
"Material\01 - Project Specific\Material\Hydraulic\reece all package\equipment and material\Q-459014431-260716_062410652-line.pdf","80.3","2026-07-16","8F34CB7774F258426B0CD877EE8E19020DFF03E8DFF04450D36BB80C66FA8384"
"Material\01 - Project Specific\Material\Hydraulic\reece all package\trade waste\Q-459014438-260716_062210445-line.pdf","63.3","2026-07-16","44F7EEC10BB51860B70187D1D691DCE4A81CC63568158EA94AF98181073A2011"
"Material\01 - Project Specific\Material\Hydraulic\Tradelink\1065005_TRICORE_PLUMBING_SERVICES_PTY_LTD.pdf","24.7","2026-07-21","CF3529DA56D4BCDAE0AD0952BB34438B776DDF4335D3EE323B73CD0B9E82B275"
"Material\01 - Project Specific\Material\Hydraulic\Tradelink\1066334_TRICORE_CIVIL_SERVICES_PTY_LTD.pdf","26.7","2026-07-21","DE159427D4ACA3058E8D2F6BBC32D4B30B2E527B707D6B02FEA46CE13ED2C245"
"Material\01 - Project Specific\Material\Hydraulic\Tradelink\6595064_ROCKHAMPTON_SPORTS_PRECINCT.pdf","23.7","2026-07-23","93516AC5537BF35679CAFDEA3BAD5583176AA020529A2D49804FF3E2F81C3781"
"Material\01 - Project Specific\Material\quote reference from previous or other project\tlink civil sw\1065005_TRICORE_PLUMBING_SERVICES_PTY_LTD.pdf","24.7","2026-07-16","CF3529DA56D4BCDAE0AD0952BB34438B776DDF4335D3EE323B73CD0B9E82B275"
"Material\01 - Project Specific\Material\quote reference from previous or other project\tlink copper\1057751_CQU_ROCKHAMPTON_TAFE_CONSOLIDATION.pdf","95","2026-07-22","DBC27275CA9D6F5A2C1E97EA0EE5E3FCCB13D4F18503FE1F8431EAF36E8E0128"
"Material\02 - Other Recent ROK Proj\Anaconda_Material\big ticket item\reece\Q-459012370-260213_094206398-line.pdf","70.7","2026-02-13","CF2FCDA6B96FD70EC8162960A058349D7AF48CBC67043D3FA2D6969CAB090455"
"Material\02 - Other Recent ROK Proj\Anaconda_Material\civil sw pipe\Reece\Q-459012377-260213_065409459-line.pdf","71.1","2026-02-13","EA91B3BF66792F7DEFA19AA11144E365D6E1EA5A16C1641E2739FD999EE0EA3A"
"Material\02 - Other Recent ROK Proj\Anaconda_Material\stormack , detention tank, ocean protect chamber package\ocean protect\13C-DN3300-OP-SD.pdf","312.3","2026-03-06","84233B57A8794F5916347134BBB6E667EA7549C748EE38DE88650FC59D72BC7C"
"Material\02 - Other Recent ROK Proj\Anaconda_Material\stormack , detention tank, ocean protect chamber package\ocean protect\19901 - 337-341 Yaamba Rd, NTH ROCKHAMPTON (Anaconda) - Tricore.pdf","352","2026-03-06",
"Material\02 - Other Recent ROK Proj\Anaconda_Material\stormack , detention tank, ocean protect chamber package\ocean protect\20C-DN3300-OP-SD.pdf","316.4","2026-03-06","F931D4ECC4AD4D3A9067490E7BF04FD7D459996BE791956BF393D54786B7B8BA"
"Material\02 - Other Recent ROK Proj\Anaconda_Material\stormack , detention tank, ocean protect chamber package\ocean protect\OceanGuard Installation Guide.pdf","14450.1","2026-03-06",
"Material\02 - Other Recent ROK Proj\Anaconda_Material\stormack , detention tank, ocean protect chamber package\ocean protect\StormFilter Installation Guide.pdf","4614.9","2026-03-06",
"Material\02 - Other Recent ROK Proj\Anaconda_Material\stormack , detention tank, ocean protect chamber package\ocean protect\UrbanPond-Flyer-2024.pdf","232.3","2026-03-06",
"Material\02 - Other Recent ROK Proj\Anaconda_Material\stormack , detention tank, ocean protect chamber package\ocean protect\UrbanPond-Installation-Manual_2024.pdf","1110.3","2026-03-06",
"Material\02 - Other Recent ROK Proj\Anaconda_Material\stormack , detention tank, ocean protect chamber package\ocean protect\UrbanPond-OP-WO_OUTLET.pdf","725.8","2026-03-06",
"Material\02 - Other Recent ROK Proj\CQUTafe_Material\big ticket and misc\aps pumps\Quote_No_13825 - CQU Rockhampton.pdf","1107.4","2026-04-15","4D110235ACEDAC3B3E88024AC43CB2A143C6A662C8B0DA2D704653722053429B"
"Material\02 - Other Recent ROK Proj\CQUTafe_Material\big ticket and misc\jaybro\Tricore Civil - Pits.pdf","368.8","2026-04-22","62FAA355A576C4C2BA2F38CE55FBA18232D45C1C9AE541406A5DE1632072606D"
"Material\02 - Other Recent ROK Proj\CQUTafe_Material\big ticket and misc\Reece\Q-459013148-260414_11241617-line.pdf","108.5","2026-04-14","57131BBB6E7EBFDEDB57A66897B1292A9272E5F543B8DD931CAC17D5A2826125"
"Material\02 - Other Recent ROK Proj\CQUTafe_Material\big ticket and misc\tradelink\1057331_TRICORE_PLUMBING_SERVICES_PTY_LTD 260420.pdf","99.1","2026-04-22","1AFBD47415B5E8BC1C0B3D11EC883AE7F137E51043303F4CEC538F502FF595A8"
"Material\02 - Other Recent ROK Proj\CQUTafe_Material\big ticket and misc\tradelink\1057331_TRICORE_PLUMBING_SERVICES_PTY_LTD.pdf","98.3","2026-04-15","4E7632AB530D74E2AA96D3AC1520370E1017095A174503FDD0764F5C6E399F5E"
"Material\02 - Other Recent ROK Proj\CQUTafe_Material\big ticket and misc\tradelink\1057751_CQU_ROCKHAMPTON_TAFE_CONSOLIDATION copper.pdf","95","2026-04-22","DBC27275CA9D6F5A2C1E97EA0EE5E3FCCB13D4F18503FE1F8431EAF36E8E0128"
"Material\02 - Other Recent ROK Proj\NAS_Material\Fixtures\1060158_NAS-ROCKHAMPTON_WAREHOUSE.pdf","96.5","2026-05-15","D53734339EFABA18DC9C531DE601AEFCA3DD0F1468C06AE6F210573470488325"
"Material\02 - Other Recent ROK Proj\NAS_Material\Fixtures\1067047_NAS_OFFICE_&_WAREHOUSE_-_26608534.pdf","32","2026-07-24","774B5804ACFF570A3327773A5467D9A2D7AFB9BA5EBFBE32BCE16066A9634CFF"
"Material\02 - Other Recent ROK Proj\NAS_Material\Fixtures\NAS OF Nitren  fixture schedule - Copy.xlsx","40.7","2026-07-24","1A3262DDB74B56C74B393BB8083796EAEAE2CA603C449FA7981A2EC05A8B450A"
"Material\02 - Other Recent ROK Proj\NAS_Material\Fixtures\ss_NAS OF Nitren  fixture schedule.xlsx","40.8","2026-07-09","5EC06398A2B418C298E1085ED1C5503B48C304A2A6365E01374350CB81DBF8E3"
"Material\02 - Other Recent ROK Proj\NAS_Material\Material\civil storm water pipe line\tradelink\1065005_TRICORE_PLUMBING_SERVICES_PTY_LTD.pdf","90.6","2026-07-09","7E6AED6E0350880F1680D7AA073786A80ED335F8C1B737B1A4F3E47730599462"
"Material\02 - Other Recent ROK Proj\NAS_Material\Material\hydraluic material\reece\Q-459014437-260716_11061860-line.pdf","91.8","2026-07-17","C74FF6074FB19210115C74F29457FD0EB98E6BDA3A81180A5211D8E73E90E987"
"Material\02 - Other Recent ROK Proj\NAS_Material\Material\hydraluic material\tradelink\1066369_TRICORE_CIVIL_SERVICES_PTY_LTD.pdf","35.5","2026-07-21","8C9D2129D76A9F2417994057A08A56C659A2FE708FB5E113434AFDD2C06EBA62"
"Material\02 - Other Recent ROK Proj\NAS_Material\Material\pit and headwall\humes\DIRECT DEPOSIT DETAILS .pdf","52.7","2026-07-09","66D8F8D780EB4FF08EF94314556B7DC7BE01993BC35B7EDF116F165256C78865"
"Material\02 - Other Recent ROK Proj\NAS_Material\Material\pit and headwall\humes\Humes Service Fees.pdf","154.9","2026-07-09","F61A9ABAA3FD57E84BA1021C8BF1BECE59FE18AEBD96944F964EF5221AF4860E"
"Material\02 - Other Recent ROK Proj\NAS_Material\Material\pit and headwall\humes\Humes Tender & Contract Terms - Holcim (Australia) Pty Ltd - trading as Humes (April 2026).pdf","75.1","2026-07-09",
"Material\02 - Other Recent ROK Proj\NAS_Material\Material\pit and headwall\humes\Humes Terms Sale.pdf","560.7","2026-07-09","E700C6F848ADF98A2936E9C8FC076DAD19289192B7EF52023AD2C665DAD5196A"
"Material\02 - Other Recent ROK Proj\NAS_Material\Material\pit and headwall\humes\HUMES_Q21641195_REV1_TRICORE PLUMBING_260701 - 787 YAAMBA ROAD PARKHURST #10260567.pdf","1038.3","2026-07-09",
"Material\02 - Other Recent ROK Proj\NAS_Material\Material\pit and headwall\jaybro\tricore 20043160.pdf","370.5","2026-07-09","AC96360043F6B9484EAC4AFBBF9AFE43C8CD01B96C192A3493F3FE6FC11E2715"
"Material\02 - Other Recent ROK Proj\NAS_Material\Material\pit and headwall\tradelink\1065005_TRICORE_PLUMBING_SERVICES_PTY_LTD.pdf","24.7","2026-07-15","CF3529DA56D4BCDAE0AD0952BB34438B776DDF4335D3EE323B73CD0B9E82B275"
"Material\02 - Other Recent ROK Proj\NAS_Material\Material\pit and headwall\tradelink\ss_1065005_TRICORE_PLUMBING_SERVICES_PTY_LTD.pdf","90.6","2026-07-09","7E6AED6E0350880F1680D7AA073786A80ED335F8C1B737B1A4F3E47730599462"
"Tender Docs\260701-Paynters\NQL2024-0320 AC Rev0 Geotechnical Investigation.pdf","11488.9","2026-07-25","22372442019E4F8F069A598D411B8D5AB13B1F79A3151FE20998DD79F24079A8"
"Tender Docs\260701-Paynters\00 Invitation to Tender\26-148 Invitation to Tender Letter.pdf","154.5","2026-07-01","9E063B3893388F7967D54EF899DD5F7220DFDE4A6A9D736B39E420F1C8D800E3"
"Tender Docs\260701-Paynters\00 Invitation to Tender\Tender Schedule 3 - Schedule of Rates.xlsx","64.9","2026-07-25","36BC3709D04964AA8A1736A737EE84BE93AB730D009F31F1B2A7393B5B41FA70"
"Tender Docs\260701-Paynters\01 Drawings\VOL 20 - SE_12306_SKT_CMP_SUB-STAGES_B.pdf","3839","2026-07-01","E368B3180CCAA74EAE45EF70A8FC24A1F813ABE592A6FF99857F4712C5638867"
"Tender Docs\260701-Paynters\01 Drawings\1. Clubhouse (NBC)\Vol 06. Hydraulic Services\260701 Club house hydraulic Combine T1.pdf","13045.7","2026-07-13","62405573239323502FB009131A74A3D064025BCFD31E04F192F69F31DCBB1689"
"Tender Docs\260701-Paynters\01 Drawings\1. Clubhouse (NBC)\Vol 06. Hydraulic Services\H-NBC-000-T1 COVER SHEET.pdf","2389","2026-07-01","BE439C643DDE5365FA788B834C24638780505EE9ED00884E9596B04598F39ED4"
"Tender Docs\260701-Paynters\01 Drawings\1. Clubhouse (NBC)\Vol 06. Hydraulic Services\H-NBC-001-T1 LEGEND AND SYMBOLS.pdf","128","2026-07-01","42565EC1176F9E14681785F34592AAF1900BBA7DFF7599139FB2CC9B60650039"
"Tender Docs\260701-Paynters\01 Drawings\1. Clubhouse (NBC)\Vol 06. Hydraulic Services\H-NBC-002-T1 HYDRAULIC NOTES.pdf","86.3","2026-07-01","48C134929F5DD03E8ACF804E51F23670AF641E7A628314AF9578013E1E45E80A"
"Tender Docs\260701-Paynters\01 Drawings\1. Clubhouse (NBC)\Vol 06. Hydraulic Services\H-NBC-100-T1 GROUND FLOOR SANITARY PLUMBING LAYOUT - PART 1.pdf","1412.7","2026-07-01",
"Tender Docs\260701-Paynters\01 Drawings\1. Clubhouse (NBC)\Vol 06. Hydraulic Services\H-NBC-101-T1 GROUND FLOOR SANITARY PLUMBING LAYOUT - PART 2.pdf","1601.8","2026-07-01",
"Tender Docs\260701-Paynters\01 Drawings\1. Clubhouse (NBC)\Vol 06. Hydraulic Services\H-NBC-102-T1 GROUND FLOOR SANITARY PLUMBING LAYOUT - PART 3.pdf","2151.9","2026-07-01",
"Tender Docs\260701-Paynters\01 Drawings\1. Clubhouse (NBC)\Vol 06. Hydraulic Services\H-NBC-103-T1 ROOF LEVEL STORM WATER LAYOUT.pdf","639.6","2026-07-01","4E0263682B6B33416AFDF4C7F5F4E4344436A79BFAB5EA34C9731EEB14872941"
"Tender Docs\260701-Paynters\01 Drawings\1. Clubhouse (NBC)\Vol 06. Hydraulic Services\H-NBC-200-T1 GROUND FLOOR WATER RETICULATION LAYOUT - PART 1.pdf","939.4","2026-07-01",
"Tender Docs\260701-Paynters\01 Drawings\1. Clubhouse (NBC)\Vol 06. Hydraulic Services\H-NBC-201-T1 GROUND FLOOR WATER RETICULATION LAYOUT - PART 2.pdf","1530.3","2026-07-01",
"Tender Docs\260701-Paynters\01 Drawings\1. Clubhouse (NBC)\Vol 06. Hydraulic Services\H-NBC-202-T1 GROUND FLOOR WATER RETICULATION LAYOUT - PART 3.pdf","1883","2026-07-01",
"Tender Docs\260701-Paynters\01 Drawings\1. Clubhouse (NBC)\Vol 06. Hydraulic Services\H-NBC-300-T1 DETAILS.pdf","207.5","2026-07-01","9EB2F14A3D7472E29544D4CD5E7CA3A334EB0E820B32A05D2064C86DADE26129"
"Tender Docs\260701-Paynters\01 Drawings\1. Clubhouse (NBC)\Vol 06. Hydraulic Services\H-NBC-301-T1 DETAILS.pdf","132.5","2026-07-01","A7E8E64FD9273382F18A757BB42056C649CE3859C80A35DBEBBD41D2821E7AC7"
"Tender Docs\260701-Paynters\01 Drawings\2. Public Amenities (PAM)\VOL 11. Hydraulic Services\260701 Public Amenities Hydraulic Combine  T1.pdf","10121.3","2026-07-13","53D7BB17CD1F1F21624DD269873DCE3FF91FEF24CBC0240F942F75BF2B7A904A"
"Tender Docs\260701-Paynters\01 Drawings\2. Public Amenities (PAM)\VOL 11. Hydraulic Services\H-PAM-000-T1 COVER SHEET.pdf","4641.6","2026-07-01","8BB6A85DCBCFDFFACA60D7C3280C5794B74362C14268DC816ED580802A1C8952"
"Tender Docs\260701-Paynters\01 Drawings\2. Public Amenities (PAM)\VOL 11. Hydraulic Services\H-PAM-001-T1 ABBREVIATIONS, LEGEND & SYMBOLS.pdf","555.5","2026-07-01","37BF45041947DE5BC8D730BD8C68098E2731F1D78F2BE415DC5AE0AD2D44B0C8"
"Tender Docs\260701-Paynters\01 Drawings\2. Public Amenities (PAM)\VOL 11. Hydraulic Services\H-PAM-002-T1 GENERAL NOTES.pdf","306.6","2026-07-01","2E39818EE4B5AEFB1326FA628429EA6BA18199964EA56B4F928B98FEE139121B"
"Tender Docs\260701-Paynters\01 Drawings\2. Public Amenities (PAM)\VOL 11. Hydraulic Services\H-PAM-100-T1 GROUND FLOOR SANITARY PLUMBING LAYOUT.pdf","763.3","2026-07-01","630CBC32943A4444A946273D402C63BA6AF726A107D4F3A1FE17AEF93380913B"
"Tender Docs\260701-Paynters\01 Drawings\2. Public Amenities (PAM)\VOL 11. Hydraulic Services\H-PAM-101-T1 ROOF LEVEL STORM WATER LAYOUT.pdf","1269.8","2026-07-01","F82649175F21A59AE963224AF3572A16115F9A12E0FC1DFCFF8DD8D731C00005"
"Tender Docs\260701-Paynters\01 Drawings\2. Public Amenities (PAM)\VOL 11. Hydraulic Services\H-PAM-200-T1 GROUND FLOOR WATER RETICULATION LAYOUT.pdf","1742.3","2026-07-01","881D34E26D2FE9BF7E88F53C244977CE4BE4E4B1CEF7FA6C7DA3999CC674F503"
"Tender Docs\260701-Paynters\01 Drawings\2. Public Amenities (PAM)\VOL 11. Hydraulic Services\H-PAM-300-T1 DETAILS.pdf","473.3","2026-07-01","6705648B2CDA93EC937134D9BBCC6594B250A2FCAD588E3D97796EF039DCA3E1"
"Tender Docs\260701-Paynters\01 Drawings\2. Public Amenities (PAM)\VOL 11. Hydraulic Services\H-PAM-301-T1 DETAILS.pdf","361.9","2026-07-01","1E2C24FA5417F184C1431066FE7FC9DEA4A791F16036364362DC4D43AD16F2DE"
"Tender Docs\260701-Paynters\01 Drawings\4. Siteworks\VOL 15. Civil Engineering\260701 Sitework Civil SW Combine T1.pdf","8635.5","2026-07-13","1C32EA5671410289B9C2B6D8D2866073EBEABC28394B98948CD53AFA200A300A"
"Tender Docs\260701-Paynters\01 Drawings\4. Siteworks\VOL 15. Civil Engineering\SE_12306_F1300-T1 STORMWATER DRAINAGE LAYOUT PLAN SHEET 1.pdf","305.1","2026-07-01","73E7242C76574B6B0758589F6DCDA474F474E376755B0856222D96925D704F85"
"Tender Docs\260701-Paynters\01 Drawings\4. Siteworks\VOL 15. Civil Engineering\SE_12306_F1301-T1 STORMWATER DRAINAGE LAYOUT PLAN SHEET 2.pdf","615.1","2026-07-01","7D62BE037092EB4565648870324324322EA054A5FE3C1670A9B15722A7E11879"
"Tender Docs\260701-Paynters\01 Drawings\4. Siteworks\VOL 15. Civil Engineering\SE_12306_F1302-T1 STORMWATER DRAINAGE LAYOUT PLAN SHEET 3.pdf","399.6","2026-07-01","12EC2571E55447C8B056CA6B63FF6729BF80176B4F900ECC369E9381426ABE78"
"Tender Docs\260701-Paynters\01 Drawings\4. Siteworks\VOL 15. Civil Engineering\SE_12306_F1303-T1 STORMWATER DRAINAGE LAYOUT PLAN SHEET 4.pdf","240.9","2026-07-01","CA8268BB1C87546163A99668B77A59B5AC214E1EB53195C9D936CB8946BC240F"
"Tender Docs\260701-Paynters\01 Drawings\4. Siteworks\VOL 15. Civil Engineering\SE_12306_F1304-T1 STORMWATER DRAINAGE LAYOUT PLAN SHEET 5.pdf","141.2","2026-07-01","BC4FC2CE067BF5C68DF585FBCD79463F02C8A53D2A3CBF85E485E45D33ABE36E"
"Tender Docs\260701-Paynters\01 Drawings\4. Siteworks\VOL 15. Civil Engineering\SE_12306_F1305-T1 STORMWATER DRAINAGE LAYOUT PLAN SHEET 6.pdf","4241.3","2026-07-01","0DA43CFFF31ED8593D59BBB617F8F9D3B00DDE098F0FBF931040187E79104831"
"Tender Docs\260701-Paynters\01 Drawings\4. Siteworks\VOL 15. Civil Engineering\SE_12306_F1310-T1 STORMWATER DRAINAGE PIT SCHEDULE.pdf","128.2","2026-07-01","D93A38F0A79C9F29D5CCB66A9D549ED1C5A394401B3E515BB6855E3A0EF76874"
"Tender Docs\260701-Paynters\01 Drawings\4. Siteworks\VOL 15. Civil Engineering\SE_12306_F1320-T1 STORMWATER DRAINAGE DETAILS SHEET 1.pdf","394.2","2026-07-01","8FCFE8EEC44767921AE99CB8DB488A5D7F8DDC5103DE7D547289745826796A4A"
"Tender Docs\260701-Paynters\01 Drawings\4. Siteworks\VOL 15. Civil Engineering\SE_12306_F1321-T1 STORMWATER DRAINAGE DETAILS SHEET 2.pdf","180.1","2026-07-01","515136CC4A59070524A1D222ECF36F7B23CCAF2298D2DBBEC2250D5CF0FC30A0"
"Tender Docs\260701-Paynters\01 Drawings\4. Siteworks\VOL 15. Civil Engineering\SE_12306_F1322-T1 STORMWATER DRAINAGE DETAILS SHEET 3.pdf","125.6","2026-07-01","467535D81768EAD1D5B4CAAC5B27F1F74CE1E764ED1D008CAE1447E7AF8C2277"
"Tender Docs\260701-Paynters\01 Drawings\4. Siteworks\VOL 15. Civil Engineering\SE_12306_F1323-T1 STORMWATER DRAINAGE DETAILS SHEET 4.pdf","287.5","2026-07-01","DD8B6D1450F12DC2137F1E57F50C14533E5CDA9AF389EECEBD13A8CCE7B6C1EE"
"Tender Docs\260701-Paynters\01 Drawings\4. Siteworks\VOL 15. Civil Engineering\SE_12306_F1324-T1 STORMWATER DRAINAGE DETAILS SHEET 5.pdf","180.8","2026-07-01","9C0F06B05B81A818987D2CAE28609B96EA547324AC19892F21545399FBE13626"
"Tender Docs\260701-Paynters\01 Drawings\4. Siteworks\VOL 15. Civil Engineering\SE_12306_F1325-T1 STORMWATER DRAINAGE DETAILS SHEET 5.pdf","146.5","2026-07-01","E3BA8FDC0903C7DEF36549079F7C2AEBEC5B4F1760AC4D15113468D2C01B4F70"
"Tender Docs\260701-Paynters\01 Drawings\4. Siteworks\VOL 15. Civil Engineering\SE_12306_F1350-T1 STORMWATER DRAINAGE LONG SECTIONS SHEET 1.pdf","90.2","2026-07-01","50FC7E6CC686FB4599E806776A0E2EE795466AD5BB9B6B0BF540C4A8BE47F6BA"
"Tender Docs\260701-Paynters\01 Drawings\4. Siteworks\VOL 15. Civil Engineering\SE_12306_F1351-T1 STORMWATER DRAINAGE LONG SECTIONS SHEET 2.pdf","81.5","2026-07-01","39321D8F639F5D94D73B33F407704EFE4A12D2A4E58DBAFEF9D0C946921B8D79"
"Tender Docs\260701-Paynters\01 Drawings\4. Siteworks\VOL 15. Civil Engineering\SE_12306_F1352-T1 STORMWATER DRAINAGE LONG SECTIONS SHEET 3.pdf","85.5","2026-07-01","202FB56D6DA076C0CC5B595B24B91691A577493D9A88FB4C206A0D0AE7AB3EB2"
"Tender Docs\260701-Paynters\01 Drawings\4. Siteworks\VOL 15. Civil Engineering\SE_12306_F1353-T1 STORMWATER DRAINAGE LONG SECTIONS SHEET 4.pdf","88.6","2026-07-01","930EEED876353931054566DE77FA89037088EE8A876594EBE6BDA1C69CE6E54A"
"Tender Docs\260701-Paynters\01 Drawings\4. Siteworks\VOL 15. Civil Engineering\SE_12306_F1354-T1 STORMWATER DRAINAGE LONG SECTIONS SHEET 5.pdf","86.4","2026-07-01","22768EC7CACD443A3E1D271306D301D302549E1E1DA8CB1263D6BBA56D3ACD91"
"Tender Docs\260701-Paynters\01 Drawings\4. Siteworks\VOL 15. Civil Engineering\SE_12306_F1355-T1 STORMWATER DRAINAGE LONG SECTIONS SHEET 6.pdf","93.6","2026-07-01","CF69FFACB7B2996BE6EE30E2297CCDFC788DB9F717F158241C651742BC6DC466"
"Tender Docs\260701-Paynters\01 Drawings\4. Siteworks\VOL 15. Civil Engineering\SE_12306_F1356-T1 STORMWATER DRAINAGE LONG SECTIONS SHEET 7.pdf","90.9","2026-07-01","3281B369E49D2DEC8B390C68D37A46CB272C1DDE50F080EBE14A02C0C40FD687"
"Tender Docs\260701-Paynters\01 Drawings\4. Siteworks\VOL 15. Civil Engineering\SE_12306_F1357-T1 STORMWATER DRAINAGE LONG SECTIONS SHEET 8.pdf","89.4","2026-07-01","620E4900E04B9DCBB65EB72BE3F80D02F14082C51A5260CBB0E176D3DC1EF8C3"
"Tender Docs\260701-Paynters\01 Drawings\4. Siteworks\VOL 15. Civil Engineering\SE_12306_F1358-T1 STORMWATER DRAINAGE LONG SECTIONS SHEET 9.pdf","91.6","2026-07-01","76E96F5780892FF7176211EF411478D942B753CC4B778BCAAF77273823EA38E9"
"Tender Docs\260701-Paynters\01 Drawings\4. Siteworks\VOL 15. Civil Engineering\SE_12306_F1359-T1 STORMWATER DRAINAGE LONG SECTIONS SHEET 10.pdf","106.8","2026-07-01","7C99530CE4326807AC5D8D4173DE84B1BB29DC86F1E1B80C5FA82E996E5E6FE5"
"Tender Docs\260701-Paynters\01 Drawings\4. Siteworks\VOL 15. Civil Engineering\SE_12306_F1360-T1 STORMWATER DRAINAGE LONG SECTIONS SHEET 11.pdf","98.7","2026-07-01","10536CA40952747379442AC1AA2ED8F848BEAA910879B1A989378C75775FCEE0"
"Tender Docs\260701-Paynters\01 Drawings\4. Siteworks\VOL 15. Civil Engineering\SE_12306_F1361-T1 STORMWATER DRAINAGE LONG SECTIONS SHEET 12.pdf","84.5","2026-07-01","C592FE97A78A301042E3FCDCA009120C1B89D8250537276C31618E46346D27DE"
"Tender Docs\260701-Paynters\01 Drawings\4. Siteworks\VOL 15. Civil Engineering\SE_12306_F1362-T1 STORMWATER DRAINAGE LONG SECTIONS SHEET 14.pdf","87.4","2026-07-01","32DFC2A09039C87A279FD5C81B17DAFFAC970906461BC5A90FEB04386CF50D73"
"Tender Docs\260701-Paynters\01 Drawings\4. Siteworks\VOL 15. Civil Engineering\SE_12306_F1363-T1 STORMWATER DRAINAGE LONG SECTIONS SHEET 15.pdf","79.4","2026-07-01","F98BDC8EFE2813E605F044523E497220D741B24F51563C2E8387CD2BF4F8C034"
"Tender Docs\260701-Paynters\01 Drawings\4. Siteworks\VOL 17. Hydraulic Services\260701 Site work Hydraulic Combine T1.pdf","2921.3","2026-07-13","624DBBE196296E4D64739941944546766721917057035581D37030DE362993E8"
"Tender Docs\260701-Paynters\01 Drawings\4. Siteworks\VOL 17. Hydraulic Services\H001-T1 COVER SHEET, DRAWING SCHEDULE, SYMBOLS AND ABBREVIATIONS.pdf","384.6","2026-07-01","E4DFD59DD1FF6A06AFFB24E8F47DA42A4D4C775FE56D11E8E8EB275D5254060E"
"Tender Docs\260701-Paynters\01 Drawings\4. Siteworks\VOL 17. Hydraulic Services\H002-T1 SPECIFICATION.pdf","289","2026-07-01","7B1BA0FCE49F7C8EBA1FDD17B57A568F8CDA3B2ECA3D213B58CE9FBC79D03D24"
"Tender Docs\260701-Paynters\01 Drawings\4. Siteworks\VOL 17. Hydraulic Services\H003-T1 STAGE 1 SITE RETICULATION.pdf","1380","2026-07-01","E4C9DEBA5ACB3AE8187D14E7054DD831AA8579E81FB6B64E3534C6484FED234A"
"Tender Docs\260701-Paynters\01 Drawings\4. Siteworks\VOL 17. Hydraulic Services\H300-T1 DETAILS.pdf","381.3","2026-07-01","199C360C7543B22F856372EE83A56E4F30B13AFCFDD8F2C58EFAAB48967C0B40"
"Tender Docs\260701-Paynters\01 Drawings\4. Siteworks\VOL 17. Hydraulic Services\QCPS32VC-A01 Q-MAX FORTIS 3200 PUMP STATION GENERAL LAYOUT (SECTIONAL PLAN VIEW).pdf","236","2026-07-01",
"Tender Docs\260701-Paynters\01 Drawings\4. Siteworks\VOL 17. Hydraulic Services\QCPS32VC-A02 Q-MAX FORTIS 3200 PUMP STATION GENERAL LAYOUT (SECTIONAL ELEVATION).pdf","198.2","2026-07-01",
"Tender Docs\260701-Paynters\02 Specifications\VOL 21 - Invitation to Tender - Part 2 - Technical Specification.pdf","368.1","2026-07-01","F3EC7A3E7C17FB494CB8B126F01AD2AE77ADA88E453A8D9F5D1A09262896DF2C"
"Tender Docs\260701-Paynters\02 Specifications\1. Clubhouse and Amenities Architectural Specifications\VOL 25. Clubhouse  - FF&E Schedule T1.pdf","830.8","2026-07-01","F4A5102138CCB58546E09FB13A4A90902BDC56FB605C14012CF94512D3A14431"
"Tender Docs\260701-Paynters\02 Specifications\1. Clubhouse and Amenities Architectural Specifications\VOL 28. Amenities - FF&E Schedule T1.pdf","431.6","2026-07-01","70D8481FDE54738DF5A319F85F38AE3803FB80AE94045DFF3E4D2771ADDED1FB"
"Tender Docs\260701-Paynters\02 Specifications\4. Hydraulic Services\VOL 38 - Hydraulic Services Specification-T1.pdf","3337","2026-07-01","203A597C7A3262A5383C957F5C1567D38E9EEBA60A30997EF1B5D2AC75C9B20A"
"Tender Docs\260701-Paynters\Addendum 1\Attachment 14 - Vegetation and Fauna Management Plan.pdf","4729.2","2026-07-25","402C7CC8C5A8E8A826ECBE2DD3CC76959CDCECA2A5DEA0A84CBDF8ED8D01AA3A"
"Tender Docs\260701-Paynters\Addendum 1\Rockhampton Sports Precinct.pdf","145.9","2026-07-25","14904C2CF2A627C67E1F86D882CC6A0BCA4C1FE2ABE09E9A774723CFF7426A57"
"Tender Docs\260701-Paynters\Addendum 1\Civil\x01_pd_02-07-2026 (For Information Only).dwg","325.5","2026-07-25","63FEBC8F6DDDA46AD375E7B2F5CDA198717EFAFF4176AF7D54DB1568FD0B7C2F"
"Tender Docs\260701-Paynters\Addendum 1\Civil\x01_pf_02-07-2026 (For Information Only).dwg","488.4","2026-07-25","09568E38B467E8C3D166B5BB2FC7EA3098DD72CFD76CC87742F02F7667EE53EB"
"Tender Docs\260701-Paynters\Addendum 1\Landscape\24523-ST1-MDC-L-SITE_02-07-2026 (For Information Only).dwg","1684.8","2026-07-25","FA04DCA90D085D6D4893747C2DE629A5F9FD60316D28639D112647EA2EED96AB"
"Tender Docs\260701-Paynters\Addendum 10\16699_Addendum No. 10.pdf","135","2026-07-21","1427788C0DBAFEA170D128A2E15E866EE32E7BEC5F13F9B9A5DD1C80E7742437"
"Tender Docs\260701-Paynters\Addendum 10\16699_Addendum No. 8.pdf","176.6","2026-07-21","4BAC13ECB7E2D73023773DAB5DD21C4FFA71F77E140B3F5844B4541399DFBF53"
"Tender Docs\260701-Paynters\Addendum 10\16699_Addendum No. 9.pdf","146.3","2026-07-21","47EB3918ACD21DB1229D241CD888E1DBB8D1F0099BB9AC72A9F25B25CFD7082B"
"Tender Docs\260701-Paynters\Addendum 10\24253_RSP-LSC-Transmittal-[TENDER].pdf","79.8","2026-07-21",
"Tender Docs\260701-Paynters\Addendum 10\25015-E-SITE-304_T2.pdf","303.6","2026-07-21","292AA514281FF3A595D9C7ADD9A5F9383B3579BAF12DCF86AA1C80AED909C74C"
"Tender Docs\260701-Paynters\Addendum 10\25015-E-SITE-306_T2.pdf","307.4","2026-07-21","C9D7FB3833CC35C16CCB679AA1D174FE591316909850F25241DFC6F79CFA7A92"
"Tender Docs\260701-Paynters\Addendum 10\LD-2101 SURFACE FINISHES PLAN 01.pdf","943.8","2026-07-21","FA6A776296B93BF72C49228161384CA24A363879483E4FC278B2081FB9A0BA2F"
"Tender Docs\260701-Paynters\Addendum 10\LD-2102 SURFACE FINISHES PLAN 02.pdf","1520.1","2026-07-21","F9BB95C1A189DE28613C3F1C2E48D5865BB1E669F3B63E2C3C41D3B969D0EB85"
"Tender Docs\260701-Paynters\Addendum 10\LD-2103 SURFACE FINISHES PLAN 03.pdf","2273.8","2026-07-21","FB1EA1CD27ACC0370B4088AE50F09D6DE68ADB8A1ECA94EC85690C6EDB769F79"
"Tender Docs\260701-Paynters\Addendum 10\LD-2104 SURFACE FINISHES PLAN 04.pdf","1309.1","2026-07-21","EEC4489C9C1B0FB4E92C6B18F795F53F3684F7E9DD67F0F137A4D4758B7C010F"
"Tender Docs\260701-Paynters\Addendum 10\LD-2105 SURFACE FINISHES PLAN 05.pdf","1781.2","2026-07-21","6C6A029535BDF776AA119CC4E957B8B20DD777937FD8D26E5A7CF1C47D9857AD"
"Tender Docs\260701-Paynters\Addendum 10\LD-2106 SURFACE FINISHES PLAN 06.pdf","1507.4","2026-07-21","73B5C3D0A9B470445D23E92CF0D584502D560C442E6BD61714B4882B4094BCE8"
"Tender Docs\260701-Paynters\Addendum 10\LD-2109 SURFACE FINISHES PLAN 09.pdf","535.2","2026-07-21","98A1CFB55716BA3AA8AD84884FBB7F4BFE86D7C8B5DD71E4FD3C2639FBA9012A"
"Tender Docs\260701-Paynters\Addendum 10\MOD-AR-NBC-2001-T2-ELEVATIONS - SHEET 01.pdf","775.4","2026-07-21","1D3576CCAD14703A64E0C44849C9C6A86A187B195AC14A3C739F70DB53F0DC4A"
"Tender Docs\260701-Paynters\Addendum 10\MOD-AR-NBC-2002-T2-ELEVATIONS - SHEET 02.pdf","758.2","2026-07-21","4E8A3E66DBD9BEF1D13C067716AF8A88CBC270CB571CC4859B548CA404DCEDBB"
"Tender Docs\260701-Paynters\Addendum 10\MOD-AR-NBC-5102-T2-DOOR & WINDOW SCHEDULES.pdf","625.6","2026-07-21","74DE09883A00D5CA63E2F5AA6612CBC790799400B7E30D478E66E6F262186545"
"Tender Docs\260701-Paynters\Addendum 10\ROCKHAMPTON SPORTS PRECINCT RevB.dwg","2513","2026-07-21","3A96D1230B01EB0EBFA9B9B500715ABA789E12AD283C9AA88563CC4CEB741328"
"Tender Docs\260701-Paynters\Addendum 10\ROCKHAMPTON SPORTS PRECINCT _ March 2025.dwg","1918.4","2026-07-21","267973530AAE47B9ADA48EF916864A5606F52A67D7C00F84BD943C47538951DA"
"Tender Docs\260701-Paynters\Addendum 10\SE_12306_3DM001_STG1_DESIGN_3D Component_13-07-2026.dwg","3601","2026-07-21","56715C9B589AC4F12592B29821BD67E61173CA785885672D1C41B884133D934B"
"Tender Docs\260701-Paynters\Addendum 10\SE_12306_RPT006_B Design Report.pdf","6591.6","2026-07-21","58D15763E998EC517FD167260B5103D005014FCC6642BEDAFB4C72A6EA994F05"
"Tender Docs\260701-Paynters\Addendum 2\Rockhampton Sports Precinct.pdf","132.6","2026-07-25","0AF7C1D0D7EAE0689A3FD361A13B5234CECFBC443DF4DDEDA36E2D950125E42E"
"Tender Docs\260701-Paynters\Addendum 5\Rockhampton Sports Precinct.pdf","123.6","2026-07-25","9BD89AC7314966E810C1B9FA8A1AE20B248F28346C9A9F4466D5C1C00F2F6CDC"
"Tender Docs\260701-Paynters\Addendum 5\Attachments\25015-E-SITE-304_T2.pdf","303.6","2026-07-25","292AA514281FF3A595D9C7ADD9A5F9383B3579BAF12DCF86AA1C80AED909C74C"
"Tender Docs\260701-Paynters\Addendum 5\Attachments\25015-E-SITE-306_T2.pdf","307.4","2026-07-25","C9D7FB3833CC35C16CCB679AA1D174FE591316909850F25241DFC6F79CFA7A92"
"Tender Docs\260701-Paynters\Addendum 7\16699_Addendum No. 7.pdf","464.6","2026-07-10","A68EC65CFDDB12A015547E6C3CB1C00BA8F34A033DDA296666009DB89B553E29"
"Tender Docs\260701-Paynters\Addendum 8\16699_Addendum No. 8.pdf","176.6","2026-07-13","4BAC13ECB7E2D73023773DAB5DD21C4FFA71F77E140B3F5844B4541399DFBF53"
"Tender Docs\260701-Paynters\Addendum 8\MOD-AR-NBC-2001-T2-ELEVATIONS - SHEET 01.pdf","775.4","2026-07-13","1D3576CCAD14703A64E0C44849C9C6A86A187B195AC14A3C739F70DB53F0DC4A"
"Tender Docs\260701-Paynters\Addendum 8\MOD-AR-NBC-2002-T2-ELEVATIONS - SHEET 02.pdf","758.2","2026-07-13","4E8A3E66DBD9BEF1D13C067716AF8A88CBC270CB571CC4859B548CA404DCEDBB"
"Tender Docs\260701-Paynters\Addendum 8\SE_12306_3DM001_STG1_DESIGN_3D Component_13-07-2026.dwg","3601","2026-07-13","56715C9B589AC4F12592B29821BD67E61173CA785885672D1C41B884133D934B"
"Tender Docs\260701-Paynters\Addendum 8\SE_12306_RPT006_B Design Report.pdf","6591.6","2026-07-13","58D15763E998EC517FD167260B5103D005014FCC6642BEDAFB4C72A6EA994F05"
"Tender Docs\260701-Paynters\Addendum 9\16699_Addendum No. 9.pdf","146.3","2026-07-20","47EB3918ACD21DB1229D241CD888E1DBB8D1F0099BB9AC72A9F25B25CFD7082B"
"Tender Docs\260701-Paynters\Addendum 9\24253_RSP-LSC-Transmittal-[TENDER].pdf","79.8","2026-07-20",
"Tender Docs\260701-Paynters\Addendum 9\25015-E-SITE-304_T2.pdf","303.6","2026-07-20","292AA514281FF3A595D9C7ADD9A5F9383B3579BAF12DCF86AA1C80AED909C74C"
"Tender Docs\260701-Paynters\Addendum 9\25015-E-SITE-306_T2.pdf","307.4","2026-07-20","C9D7FB3833CC35C16CCB679AA1D174FE591316909850F25241DFC6F79CFA7A92"
"Tender Docs\260701-Paynters\Addendum 9\LD-2101 SURFACE FINISHES PLAN 01.pdf","943.8","2026-07-20","FA6A776296B93BF72C49228161384CA24A363879483E4FC278B2081FB9A0BA2F"
"Tender Docs\260701-Paynters\Addendum 9\LD-2102 SURFACE FINISHES PLAN 02.pdf","1520.1","2026-07-20","F9BB95C1A189DE28613C3F1C2E48D5865BB1E669F3B63E2C3C41D3B969D0EB85"
"Tender Docs\260701-Paynters\Addendum 9\LD-2103 SURFACE FINISHES PLAN 03.pdf","2273.8","2026-07-20","FB1EA1CD27ACC0370B4088AE50F09D6DE68ADB8A1ECA94EC85690C6EDB769F79"
"Tender Docs\260701-Paynters\Addendum 9\LD-2104 SURFACE FINISHES PLAN 04.pdf","1309.1","2026-07-20","EEC4489C9C1B0FB4E92C6B18F795F53F3684F7E9DD67F0F137A4D4758B7C010F"
"Tender Docs\260701-Paynters\Addendum 9\LD-2105 SURFACE FINISHES PLAN 05.pdf","1781.2","2026-07-20","6C6A029535BDF776AA119CC4E957B8B20DD777937FD8D26E5A7CF1C47D9857AD"
"Tender Docs\260701-Paynters\Addendum 9\LD-2106 SURFACE FINISHES PLAN 06.pdf","1507.4","2026-07-20","73B5C3D0A9B470445D23E92CF0D584502D560C442E6BD61714B4882B4094BCE8"
"Tender Docs\260701-Paynters\Addendum 9\LD-2109 SURFACE FINISHES PLAN 09.pdf","535.2","2026-07-20","98A1CFB55716BA3AA8AD84884FBB7F4BFE86D7C8B5DD71E4FD3C2639FBA9012A"
"Tender Docs\260701-Paynters\Addendum 9\MOD-AR-NBC-5102-T2-DOOR & WINDOW SCHEDULES.pdf","625.6","2026-07-20","74DE09883A00D5CA63E2F5AA6612CBC790799400B7E30D478E66E6F262186545"
"TriCore Docs\Denis Email updates\260724 _ ROK Sports Precinct_ CIVIL SW V1 Summaries .msg","688","2026-07-26","27D75A92F7F4A3678282F5D194BFFF06C0A4982D7A0C9FF2050D5FC2CD495428"
"TriCore Docs\Denis Email updates\260724 _ ROK Sports Precinct_ CIVIL SW V1 Summaries.pdf","1362.7","2026-07-26","FABFD916904DDDB0A4A8DC98B265101D82BF27E3BDA9C6E6FC2AF72EC504ED38"
"TriCore Docs\Denis Email updates\260724_ ROK SPORTS Hydraulic Summaries .msg","1742.5","2026-07-26","3B0ED2E44F3E2B0428CEB618EEB38DCCB0CE70C645FE215D158145DE1A4E365B"
"TriCore Docs\Denis Email updates\260724_ ROK SPORTS Hydraulic Summaries.pdf","1592.3","2026-07-26","6932C21CFA84E501A82812A93D942AF0BB231C3264B9B12AD6F10746C4C0C2E6"
"TriCore Docs\Groundplan Take off\260701_ Club house Architecture fixture count REV T1\FIXTURE COUNT CLUB HOUSE  p1.pdf","805.7","2026-07-25","FDAEB94EE45D8261A71717A144F98AE4069606AB73E1E1D8EC7AA69158A2ABCB"
"TriCore Docs\Groundplan Take off\260701_ Club house Architecture fixture count REV T1\FIXTURE COUNT CLUB HOUSE  p2-legend.pdf","23.7","2026-07-25","4ADF50BD3F093DD57661A02635BFD4B30EE418A8652A9F8319544355FE6D75C5"
"TriCore Docs\Groundplan Take off\260701_ Club house Architecture fixture count REV T1\FIXTURE COUNT CLUB HOUSE  p2.pdf","607.9","2026-07-25","4184E5E563C65278CD422A4E1D027BCFAEAD10508A78E4DF6AA063FA1E0CC74C"
"TriCore Docs\Groundplan Take off\260701_ Club house Architecture fixture count REV T1\FIXTURE COUNT CLUB HOUSE  p3.pdf","308.6","2026-07-25","AC0299E5AA7C982D76EAE0DFC48AE044D3046750179F889D8BDED2B188269149"
"TriCore Docs\Groundplan Take off\260701_ Club house Architecture fixture count REV T1\FIXTURE COUNT CLUB HOUSE  p4.pdf","526.3","2026-07-25","626500F4FB8568C37E29080B74F109964151EBFA650AD6BA165B76D771C68285"
"TriCore Docs\Groundplan Take off\260701_ Club house Architecture fixture count REV T1\FIXTURE COUNT CLUB HOUSE  p5-legend.pdf","21.8","2026-07-25","96384F8153D1AB64E1CDA5067826ADB2F201492E6AFC555CBB81D10F8C407819"
"TriCore Docs\Groundplan Take off\260701_ Club house Architecture fixture count REV T1\FIXTURE COUNT CLUB HOUSE  p5.pdf","551.9","2026-07-25","7DABEE5BAAF4803E6E414F53148524989A93718692E78EB4822BAA765FA074C3"
"TriCore Docs\Groundplan Take off\260701_ Club house Architecture fixture count REV T1\FIXTURE COUNT CLUB HOUSE  p6.pdf","681.2","2026-07-25","54E92D3F6F3B63E94433FCD3F9D407874DF06BEEF630D72A02F0F65C65E4B6F1"
"TriCore Docs\Groundplan Take off\260701_ Club house Architecture fixture count REV T1\FIXTURE COUNT CLUB HOUSE  p7.pdf","701.5","2026-07-25","D98B06281AA60ACAC7FBC397B626070249EF4089C4F1F3D88348FC49550E1FD4"
"TriCore Docs\Groundplan Take off\260701_ Club house Architecture fixture count REV T1\FIXTURE COUNT CLUB HOUSE  p8.pdf","585","2026-07-25","6932833E46FB0FDEA63658F893823F79C0D08CEF997A9EBA6FA3E85A291FF2C9"
"TriCore Docs\Groundplan Take off\260701_ Club house Architecture fixture count REV T1\FIXTURE COUNT CLUB HOUSE  p9.pdf","764.8","2026-07-25","781B8D0305814497817BD6A9A0767FCDAC810A0B45A886B7070F0A19940FD120"
"TriCore Docs\Groundplan Take off\260701_ Public Amenities  Hydraulic  Rev T1\A H-B844~1.pdf","4541.5","2026-07-25","498ADE415348D561C8206A9D6EEB6BCC131E387C9BC6F08927C9DC28F9205DF5"
"TriCore Docs\Groundplan Take off\260701_ Public Amenities  Hydraulic  Rev T1\B H-2A67~1.pdf","554.1","2026-07-25","4BC2FA59040C215A1E0BD80C99CFB60DB06C0AAA1C84C199043E2F8CDB862ACF"
"TriCore Docs\Groundplan Take off\260701_ Public Amenities  Hydraulic  Rev T1\C H-2FB8~1.pdf","305.1","2026-07-25","7876ECBE58F2E52559B9443D257D5124CFDA96E9ED092DE298DF4FCA4881573F"
"TriCore Docs\Groundplan Take off\260701_ Public Amenities  Hydraulic  Rev T1\D H-PAM-~1-legend.pdf","30.1","2026-07-25","58D04E7DD8868DE2390977F631378E0480B4DB68611AA08175A72414D418B2D9"
"TriCore Docs\Groundplan Take off\260701_ Public Amenities  Hydraulic  Rev T1\D H-PAM-~1.pdf","778.1","2026-07-25","35CF7AB4DBEB9EC56FF2A6AD2FF155D0D52104729E48E1CDF6DEDDEFD7CEC201"
"TriCore Docs\Groundplan Take off\260701_ Public Amenities  Hydraulic  Rev T1\E H-PAM-~3.pdf","1268.9","2026-07-25","B6CFF7C3B42052E534AC6F430F1C14AEC1CC8E1E81B369203DB67197AE6BB66A"
"TriCore Docs\Groundplan Take off\260701_ Public Amenities  Hydraulic  Rev T1\F H-PAM-~2-legend.pdf","31.8","2026-07-25","D5284AD0F7BB1FD31DBCAA6722D9048F8223F5D84B04F98D6EF76AD2192DA2A5"
"TriCore Docs\Groundplan Take off\260701_ Public Amenities  Hydraulic  Rev T1\F H-PAM-~2.pdf","1753.2","2026-07-25","89A51B6F2904697C13EEC76510CF9C5DD71362EF3CAE56D11DEFE511A1E63747"
"TriCore Docs\Groundplan Take off\260701_ Public Amenities  Hydraulic  Rev T1\G H-8810~1.pdf","468.6","2026-07-25","5A3C2F94CF82C39150890715C94FC1A3E0269254C05EE7A87C340049F26645EB"
"TriCore Docs\Groundplan Take off\260701_ Public Amenities  Hydraulic  Rev T1\H-PAM-~4.pdf","358.7","2026-07-25","1C85F145A7D4E5204749D11A5B7FF2AD5902DE368E7DAC7A5388B78DD4C16E73"
"TriCore Docs\Groundplan Take off\260701_Clubhouse Hydraulic  Rev T1\A H-NBC-~1.pdf","2384","2026-07-25","8352C93BE2EAE1080C45F7B3ECF0FBEFC523CD4A7079E51C0CDAE84A95B3C8E3"
"TriCore Docs\Groundplan Take off\260701_Clubhouse Hydraulic  Rev T1\B H-AF9C~1.pdf","123","2026-07-25","CFE147513F82D8174514897B9E9EC7359549BCC639001C1333A1BE251E013C25"
"TriCore Docs\Groundplan Take off\260701_Clubhouse Hydraulic  Rev T1\C H-65D2~1.pdf","81.3","2026-07-25","BE794EFED0A0DBBD16511EDF9BF0D85E5737D3E6BAEB92C039C9364E6CE221C0"
"TriCore Docs\Groundplan Take off\260701_Clubhouse Hydraulic  Rev T1\D H-47E7~1-legend.pdf","33.9","2026-07-25","CFB5B219E1C8392A7EE196DC94BCD5FBA6E5B84AA43CC04F8BCF5F978A58AE81"
"TriCore Docs\Groundplan Take off\260701_Clubhouse Hydraulic  Rev T1\D H-47E7~1.pdf","1448.4","2026-07-25","7C955A3A8DD853ADA59426112C4DEB162F2C239C7108968240A2D605AB58A309"
"TriCore Docs\Groundplan Take off\260701_Clubhouse Hydraulic  Rev T1\E H-NBC-~4-legend.pdf","27.4","2026-07-25","CDCB0B1CA44382085545891FA339414BE29299F5315333E827D096FBDC1B4B96"
"TriCore Docs\Groundplan Take off\260701_Clubhouse Hydraulic  Rev T1\E H-NBC-~4.pdf","1604.4","2026-07-25","4700F6B01A89EB9C15391814F048C342ADFC75F249AD1356A272DE2D63789570"
"TriCore Docs\Groundplan Take off\260701_Clubhouse Hydraulic  Rev T1\F H-9C93~1-legend.pdf","35.6","2026-07-25","35A650B75494DEB384BE98B59BA9BFAF4D790B8046E5B54C7B59CD3EA7305149"
"TriCore Docs\Groundplan Take off\260701_Clubhouse Hydraulic  Rev T1\F H-9C93~1.pdf","2165.1","2026-07-25","A5A2E7086B6A970B88B73B52361B45E5C7B1BA067615517EB6AB9A52E0956C2A"
"TriCore Docs\Groundplan Take off\260701_Clubhouse Hydraulic  Rev T1\G H-D2FA~1.pdf","634.7","2026-07-25","4A1AC1B60AAEDA8016CDECCCF7A0AC2A487AB3218E6730286F9262098AF2F6CC"
"TriCore Docs\Groundplan Take off\260701_Clubhouse Hydraulic  Rev T1\H H-NBC-~2-legend.pdf","34.9","2026-07-25","A74A3541B0F31584B8281251A9CE3C761B58A10C48052B637C8C3470FDF4BB32"
"TriCore Docs\Groundplan Take off\260701_Clubhouse Hydraulic  Rev T1\H H-NBC-~2.pdf","965.8","2026-07-25","D0A6FFAF737CC1174082134D7FEDF73D7EA3D4ADB80E2B14C835BFA6481019BC"
"TriCore Docs\Groundplan Take off\260701_Clubhouse Hydraulic  Rev T1\I H-7C9A~1-legend.pdf","23.6","2026-07-25","6A1A1A0B8B0C8F68F849580B28D43A2E6FF822B771345AE90744DB95BE768C05"
"TriCore Docs\Groundplan Take off\260701_Clubhouse Hydraulic  Rev T1\I H-7C9A~1.pdf","1531.2","2026-07-25","A566FA5CBF509A2BEAA4757A948A89B7BC1B162412F7665EC281E2E33428B22B"
"TriCore Docs\Groundplan Take off\260701_Clubhouse Hydraulic  Rev T1\J H-ACD6~1-legend.pdf","32.6","2026-07-25","1AE19B24CF72980D652837DEEA435FA43ECB02E3DF634312708C52730E8F99A8"
"TriCore Docs\Groundplan Take off\260701_Clubhouse Hydraulic  Rev T1\J H-ACD6~1.pdf","1891.3","2026-07-25","EB2D0BA2866FDBC6931CB4FE9C08AE82308F99FE078B594BF4B804C166BCF34A"
"TriCore Docs\Groundplan Take off\260701_Clubhouse Hydraulic  Rev T1\K H-NBC-~3.pdf","202.5","2026-07-25","E762CF854D6106BFA23D5D5729D3A7ADD3D3E28AE6C2D926512B74EC7779E268"
"TriCore Docs\Groundplan Take off\260701_Clubhouse Hydraulic  Rev T1\L H-71E3~1.pdf","127.5","2026-07-25","ED9F323D8C46E09BD75242E6FFA2CE97E1717761CB41D616573B65570630494B"
"TriCore Docs\Groundplan Take off\260701_SITE WORK CIVIL SW REV T1\260701 Sitework Civil SW Combine T1  p1-legend.pdf","29.7","2026-07-25","8A9486D6125425BE7B54EAAB5DC3B08C1CAD9EB9FB9D539AB0CE155930DA2716"
"TriCore Docs\Groundplan Take off\260701_SITE WORK CIVIL SW REV T1\260701 Sitework Civil SW Combine T1  p1.pdf","294","2026-07-25","BE2ADC06BC039869002408D9D8D5347ABEB231788E6724197D000779FBCDFFD2"
"TriCore Docs\Groundplan Take off\260701_SITE WORK CIVIL SW REV T1\260701 Sitework Civil SW Combine T1  p10.pdf","117.9","2026-07-25","AD581DD735E6A7D69E440D5A4FDCCCDC073864AEEC9381111044E86F24D44CDC"
"TriCore Docs\Groundplan Take off\260701_SITE WORK CIVIL SW REV T1\260701 Sitework Civil SW Combine T1  p11.pdf","251.7","2026-07-25","04631C9AAA9D5DC0EC558DEFD9CA39BEBDA0D9F6E517A70542301841813B7820"
"TriCore Docs\Groundplan Take off\260701_SITE WORK CIVIL SW REV T1\260701 Sitework Civil SW Combine T1  p12.pdf","164.7","2026-07-25","C10F384C364B4A3FEFAFC00C4DC77B3E0ED7878C7B526A84A6DE019F448D380E"
"TriCore Docs\Groundplan Take off\260701_SITE WORK CIVIL SW REV T1\260701 Sitework Civil SW Combine T1  p13.pdf","137.4","2026-07-25","0944B1E5A38894173C6C1BC43F96F515F8C49CB7C98022BAA6CC620EC11075F8"
"TriCore Docs\Groundplan Take off\260701_SITE WORK CIVIL SW REV T1\260701 Sitework Civil SW Combine T1  p14.pdf","87.4","2026-07-25","48787B9CAFBFED042C04CD3FFEB1CA98E07F9D7C1F90BC5E5DA3CD181C040FE5"
"TriCore Docs\Groundplan Take off\260701_SITE WORK CIVIL SW REV T1\260701 Sitework Civil SW Combine T1  p15.pdf","80.3","2026-07-25","55EEB75DBB2A7B0E5FDF6D9BB1F7E5CE48E45CDE3A8283CA05D9AF7BF6A66349"
"TriCore Docs\Groundplan Take off\260701_SITE WORK CIVIL SW REV T1\260701 Sitework Civil SW Combine T1  p16.pdf","83.6","2026-07-25","EB80B9943710560E03C7C5E2CDEFE5AB26E15DB90B61A59E73815FF0EB3143C7"
"TriCore Docs\Groundplan Take off\260701_SITE WORK CIVIL SW REV T1\260701 Sitework Civil SW Combine T1  p17.pdf","86.1","2026-07-25","568340D092A1DB50C0C6B3676622A40903E7D15F9C8FCDA0CA234B72F33C82BC"
"TriCore Docs\Groundplan Take off\260701_SITE WORK CIVIL SW REV T1\260701 Sitework Civil SW Combine T1  p18.pdf","84.4","2026-07-25","E49A22346874EC46FE08F84ED6708D3221AA50A4D7C927481616BFA0362EBEA2"
"TriCore Docs\Groundplan Take off\260701_SITE WORK CIVIL SW REV T1\260701 Sitework Civil SW Combine T1  p19.pdf","90.2","2026-07-25","64BA4DED35A0AB964D95604C6B19F447A111D4C27F91AA56D73617C5076A20C3"
"TriCore Docs\Groundplan Take off\260701_SITE WORK CIVIL SW REV T1\260701 Sitework Civil SW Combine T1  p2-legend.pdf","26.8","2026-07-25","504A8FABBD97ED62DF92C094DE8AA865D9B5B298D86937C493E4974E7C682B78"
"TriCore Docs\Groundplan Take off\260701_SITE WORK CIVIL SW REV T1\260701 Sitework Civil SW Combine T1  p2.pdf","598.3","2026-07-25","CC646AE2064C7BEE45BBC5D656CCB023DE5AF586194AEA4B9FBFBFAF1D7A974A"
"TriCore Docs\Groundplan Take off\260701_SITE WORK CIVIL SW REV T1\260701 Sitework Civil SW Combine T1  p20.pdf","87.7","2026-07-25","353F1F5165F9E4E54F817E6063CDA41446CFC99A9A71F13618198066A3EE8C83"
"TriCore Docs\Groundplan Take off\260701_SITE WORK CIVIL SW REV T1\260701 Sitework Civil SW Combine T1  p21.pdf","86.6","2026-07-25","EF2F1B1ABD8617CED8FD2208BA8C964745BEC15D312B8C49F3FCE2AA8A144C0C"
"TriCore Docs\Groundplan Take off\260701_SITE WORK CIVIL SW REV T1\260701 Sitework Civil SW Combine T1  p22.pdf","88.3","2026-07-25","359FE011334D611FE6D6B92CE2448A21CE157DAD7753EBCD639D77376384DFB0"
"TriCore Docs\Groundplan Take off\260701_SITE WORK CIVIL SW REV T1\260701 Sitework Civil SW Combine T1  p23.pdf","100.4","2026-07-25","72AE944E7C735B1B04B6EE125F1B7D20C38EBFD90D72E55FB31FF2647861C2EC"
"TriCore Docs\Groundplan Take off\260701_SITE WORK CIVIL SW REV T1\260701 Sitework Civil SW Combine T1  p24.pdf","94.2","2026-07-25","522E5CCF4B9832C6E4C9930DFA5E1222D9462910A36BB3A9D9BBACBC27286DED"
"TriCore Docs\Groundplan Take off\260701_SITE WORK CIVIL SW REV T1\260701 Sitework Civil SW Combine T1  p25.pdf","82.8","2026-07-25","037ECDE672AADD269CB6E99636631D179BE6CF1B56EAD37A849F88D89BFE6115"
"TriCore Docs\Groundplan Take off\260701_SITE WORK CIVIL SW REV T1\260701 Sitework Civil SW Combine T1  p26.pdf","85.2","2026-07-25","7D39479323B296C9604565C318F0EFB0F5D2D1C8237C385EF3E884E331C4C0CC"
"TriCore Docs\Groundplan Take off\260701_SITE WORK CIVIL SW REV T1\260701 Sitework Civil SW Combine T1  p27.pdf","78.7","2026-07-25","C8D3884458EE368FDEC105F7630852CB7A101F636B8BE50266C57E2D1B17CF50"
"TriCore Docs\Groundplan Take off\260701_SITE WORK CIVIL SW REV T1\260701 Sitework Civil SW Combine T1  p3-legend.pdf","32.8","2026-07-25","72CA027907A0440A97D6ECCECBB951CD0B8574BC3BF84FA72BBE2DF297CB230A"
"TriCore Docs\Groundplan Take off\260701_SITE WORK CIVIL SW REV T1\260701 Sitework Civil SW Combine T1  p3.pdf","381.9","2026-07-25","34F9302BE3CC0E4596A8F30593DACBD7DCAFB53CB0664F64C938C1742E2AD8DE"
"TriCore Docs\Groundplan Take off\260701_SITE WORK CIVIL SW REV T1\260701 Sitework Civil SW Combine T1  p4-legend.pdf","33.8","2026-07-25","3A5ACEAF79E1B41B84E08EF0741B278BD31B5A9405A1B6C34644A03AC1BFDA4F"
"TriCore Docs\Groundplan Take off\260701_SITE WORK CIVIL SW REV T1\260701 Sitework Civil SW Combine T1  p4.pdf","237.2","2026-07-25","F4E8A5E780A6B2CCDDE38ACBCE7DA86DC10AB63F101A0DE3D4B1BBF3020BB834"
"TriCore Docs\Groundplan Take off\260701_SITE WORK CIVIL SW REV T1\260701 Sitework Civil SW Combine T1  p5-legend.pdf","26.4","2026-07-25","E9370852644E51EFA4DC95E1C57F049F731749ABC214C42FD2A1B026C6101B25"
"TriCore Docs\Groundplan Take off\260701_SITE WORK CIVIL SW REV T1\260701 Sitework Civil SW Combine T1  p5.pdf","138.9","2026-07-25","C308070D46F891F1C05CCE228D3584C2AAB3648233ECAAC4B26C58364B1CDDD5"
"TriCore Docs\Groundplan Take off\260701_SITE WORK CIVIL SW REV T1\260701 Sitework Civil SW Combine T1  p6-legend.pdf","20.6","2026-07-25","9FEC10439A6FF89967ABC11FFA488CB7A50CC39CB7CB9866CC59542A18C4DE1D"
"TriCore Docs\Groundplan Take off\260701_SITE WORK CIVIL SW REV T1\260701 Sitework Civil SW Combine T1  p6.pdf","3835.7","2026-07-25","E48722A23C4737389515F3A879EDAD0484D68222A9A1506F2343697B8F6EF112"
"TriCore Docs\Groundplan Take off\260701_SITE WORK CIVIL SW REV T1\260701 Sitework Civil SW Combine T1  p7.pdf","124.6","2026-07-25","4F7B035B8155F1A3DF10B1A8DD99CFB8559457B863CFF0CC8D52A9818E4C50B1"
"TriCore Docs\Groundplan Take off\260701_SITE WORK CIVIL SW REV T1\260701 Sitework Civil SW Combine T1  p8.pdf","342.8","2026-07-25","9A3F1E6000827FB0C99027D3D2C4B91C886FA12C59329F7C6BE84E2ED4DB557A"
"TriCore Docs\Groundplan Take off\260701_SITE WORK CIVIL SW REV T1\260701 Sitework Civil SW Combine T1  p9.pdf","161.2","2026-07-25","A7F79A998C02761DE279262D86016AC00322358447E261ED741CB66A4355FD1E"
"TriCore Docs\Groundplan Take off\260701_Sitework Hydraulic Rev T1\H001-T~1.pdf","385.1","2026-07-25","92396B0CD299400B6CD1F31022E9B2165CD2C946E42A6DBD7C284D87DCF3BA94"
"TriCore Docs\Groundplan Take off\260701_Sitework Hydraulic Rev T1\H002-T~1.pdf","288.6","2026-07-25","F6226FE2587D1137D2FA095943F9F80091920325E5C6295BEF09888064B0C3B2"
"TriCore Docs\Groundplan Take off\260701_Sitework Hydraulic Rev T1\H003-T~1-legend.pdf","45.9","2026-07-25","80A4F0C3FA20AA47D9316F63BF180B778A9C331D879A92CFD7079468CE079E9F"
"TriCore Docs\Groundplan Take off\260701_Sitework Hydraulic Rev T1\H003-T~1.pdf","1418.1","2026-07-25","6D73D1A9B2929373DCEE1C0EBF5D7314BAACE0999F1EA5A2CFCF2956EBBF2940"
"TriCore Docs\Groundplan Take off\260701_Sitework Hydraulic Rev T1\H300-T~1.pdf","379.7","2026-07-25","BFC0C2E605F4A3A5D8F2DB75D960A6369E822FFDD3CB5482272EE25A2C0E0C6B"
"TriCore Docs\Groundplan Take off\260701_Sitework Hydraulic Rev T1\QCPS32~A01.pdf","232.6","2026-07-25","4BD4354D9FE5AC0D68BD0D2FF0AD817F3206D191AFCCB2CE13EE0C028A6A036B"
"TriCore Docs\Groundplan Take off\260701_Sitework Hydraulic Rev T1\QCPS32~A02.pdf","194.8","2026-07-25","13C0382914EF9DCB61B22A41C8BF6513B3785F215B99F5180B31E3C25867B61E"
"TriCore Docs\Master Cost Sheets\MasterCostSheet_Civ.V1.xlsx","139","2026-07-26","08AB21F4B4C4AF0B0C602175E1813ACC8A2999DE5DC095FBFDDECEE02734E8CA"
"TriCore Docs\Master Cost Sheets\MasterCostSheet_Hyd.V1.xlsx","309","2026-07-26","2828741C713AFC8DE5407CDC15864C3DDE97A7478A811032F671B7242EBDB82E"
"TriCore Docs\Master Cost Sheets\CQU Examples\CQU_TAFE- Civil Example.xlsx","26.2","2026-05-14","E4792A0BD5379C04E4C5AD1494B5392844E246CCBEBD1A58EA017D5730E9FE7F"
"TriCore Docs\Master Cost Sheets\CQU Examples\CQU_TAFE- HYD Example.xlsx","561.3","2026-07-22","731693B01D24C6EEB0A3DC1150B4574BEDB38DA76D9014BC8589AC710767F19E"
"TriCore Docs\Submission EXAMPLES\BACPLAY_Civil_SW.1.docx","124.3","2026-06-30","728446FA381EA14A5655646B1C240D0C5E6830C957D961C97B19E8627B9AC571"
"TriCore Docs\Submission EXAMPLES\CQUTafe_CIV SW.docx","286.6","2026-05-01","BAD31128913194AE004397C7CE23E7DDB39546064144E31FC2B0D2101B5406CC"
"TriCore Docs\Submission EXAMPLES\CQUTafe_HYD.docx","296.1","2026-05-01","2828A8486E76849FA1CB4351E99BC82EC0EAB66DD33AF45A6611D2D952F1FE71"
"TriCore Docs\Submission EXAMPLES\Limestone Creek - Tender Letter & Methodology.docx","24","2026-07-23","A244939288D75D02BEEE18070CB1D55B64A55F5B5A6C2D1BDB85351DAF1F26C3"
"TriCore Docs\Submission EXAMPLES\SPS_CIVSW_Tender_Proposal_Q2380.docx","128.8","2026-06-15","C5A8220228F37284248A076FADCECBEAF2E6C5DD00DD9D64C796D05D75E11DEF"
"TriCore Docs\Submission EXAMPLES\SPS_HYD_Tender_Proposal_Q2381.docx","132.5","2026-06-15","B87F29C775FEF8F3298CA70407E1021AB5E058FD5E62FCE8EE9C3B23D4FD9216"
"TriCore Docs\Submission EXAMPLES\Testimonials\CQU Testimonial Letter.pdf","238.9","2025-09-24","28CC38D59A5042BC312C20A3FB276A864E17AE4585051E4595ACB4CFACDB3F48"
"TriCore Docs\Submission EXAMPLES\Testimonials\GHD Testimonial Letter.pdf","229.6","2026-03-23","52DD90E1E3B6975A9E270E9015729BB66DF42D97EEA7BE264151037066BD55CD"
