path,pages,status
Material\01 - Project Specific\Fixtures\tradelink\1066143_ROCKHAMPTON_SPORTS_PRECINCT.pdf,7,ok
Material\01 - Project Specific\Material\CIVIL SW QUOTE\CIVIL SW DETENTION TANK\ATLAN\26-87004 ROCKHAMPTON NETBALL CENTRE NORMAN GARDENS - TRICORE.pdf,9,ok (longpath)
Material\01 - Project Specific\Material\CIVIL SW QUOTE\CIVIL SW HDPE PIPE\ATLAN\26-87004-1 (SN8) ROCKHAMPTON NETBALL CENTRE NORMAN GARDENS STG 1 - TRICORE.pdf,9,ok (longpath)
Material\01 - Project Specific\Material\CIVIL SW QUOTE\RCP HEADWALL CULVERT ETC\Humes\Humes Service Fees.pdf,1,ok
Material\01 - Project Specific\Material\CIVIL SW QUOTE\RCP HEADWALL CULVERT ETC\Humes\Humes Tender & Contract Terms - Holcim (Australia) Pty Ltd - trading as Humes (April 2026).pdf,1,ok (longpath)
Material\01 - Project Specific\Material\CIVIL SW QUOTE\RCP HEADWALL CULVERT ETC\Humes\Humes Terms Sale.pdf,5,ok
Material\01 - Project Specific\Material\CIVIL SW QUOTE\RCP HEADWALL CULVERT ETC\Humes\HUMES_Q21642316_REV2_TRICORE PLUMBING_ROCKHAMPTON SPORTS PRECINCT #10260517.pdf.pdf,8,ok (longpath)
Material\01 - Project Specific\Material\CIVIL SW QUOTE\RCP HEADWALL CULVERT ETC\Humes\SS_HUME QUOTE.pdf,8,ok
Material\01 - Project Specific\Material\CIVIL SW QUOTE\REECE CIVIL QUOTE FOR ALL\Q-459014445-260716_095312503-line.pdf,6,ok
Material\01 - Project Specific\Material\Hydraulic\APS SEWER STATION\Quote_No_14065 - Rockhampton Sports Precinct.pdf,7,ok (empty-pw decrypt)
Material\01 - Project Specific\Material\Hydraulic\reece all package\equipment and material\Q-459014431-260716_062410652-line.pdf,3,ok
Material\01 - Project Specific\Material\Hydraulic\reece all package\trade waste\Q-459014438-260716_062210445-line.pdf,1,ok
Material\01 - Project Specific\Material\Hydraulic\Tradelink\1065005_TRICORE_PLUMBING_SERVICES_PTY_LTD.pdf,2,ok
Material\01 - Project Specific\Material\Hydraulic\Tradelink\1066334_TRICORE_CIVIL_SERVICES_PTY_LTD.pdf,3,ok
Material\01 - Project Specific\Material\Hydraulic\Tradelink\6595064_ROCKHAMPTON_SPORTS_PRECINCT.pdf,2,ok
Material\01 - Project Specific\Material\quote reference from previous or other project\tlink civil sw\1065005_TRICORE_PLUMBING_SERVICES_PTY_LTD.pdf,2,ok (longpath)
Material\01 - Project Specific\Material\quote reference from previous or other project\tlink copper\1057751_CQU_ROCKHAMPTON_TAFE_CONSOLIDATION.pdf,4,ok
Material\02 - Other Recent ROK Proj\Anaconda_Material\big ticket item\reece\Q-459012370-260213_094206398-line.pdf,2,ok
Material\02 - Other Recent ROK Proj\Anaconda_Material\civil sw pipe\Reece\Q-459012377-260213_065409459-line.pdf,2,ok
"Material\02 - Other Recent ROK Proj\Anaconda_Material\stormack , detention tank, ocean protect chamber package\ocean protect\13C-DN3300-OP-SD.pdf",1,ok
"Material\02 - Other Recent ROK Proj\Anaconda_Material\stormack , detention tank, ocean protect chamber package\ocean protect\19901 - 337-341 Yaamba Rd, NTH ROCKHAMPTON (Anaconda) - Tricore.pdf",5,ok (longpath)
"Material\02 - Other Recent ROK Proj\Anaconda_Material\stormack , detention tank, ocean protect chamber package\ocean protect\20C-DN3300-OP-SD.pdf",1,ok
"Material\02 - Other Recent ROK Proj\Anaconda_Material\stormack , detention tank, ocean protect chamber package\ocean protect\OceanGuard Installation Guide.pdf",20,ok (longpath)
"Material\02 - Other Recent ROK Proj\Anaconda_Material\stormack , detention tank, ocean protect chamber package\ocean protect\StormFilter Installation Guide.pdf",8,ok (longpath)
"Material\02 - Other Recent ROK Proj\Anaconda_Material\stormack , detention tank, ocean protect chamber package\ocean protect\UrbanPond-Flyer-2024.pdf",2,ok (longpath)
"Material\02 - Other Recent ROK Proj\Anaconda_Material\stormack , detention tank, ocean protect chamber package\ocean protect\UrbanPond-Installation-Manual_2024.pdf",16,ok (longpath)
"Material\02 - Other Recent ROK Proj\Anaconda_Material\stormack , detention tank, ocean protect chamber package\ocean protect\UrbanPond-OP-WO_OUTLET.pdf",4,ok (longpath)
Material\02 - Other Recent ROK Proj\CQUTafe_Material\big ticket and misc\aps pumps\Quote_No_13825 - CQU Rockhampton.pdf,15,ok (empty-pw decrypt)
Material\02 - Other Recent ROK Proj\CQUTafe_Material\big ticket and misc\jaybro\Tricore Civil - Pits.pdf,2,ok
Material\02 - Other Recent ROK Proj\CQUTafe_Material\big ticket and misc\Reece\Q-459013148-260414_11241617-line.pdf,7,ok
Material\02 - Other Recent ROK Proj\CQUTafe_Material\big ticket and misc\tradelink\1057331_TRICORE_PLUMBING_SERVICES_PTY_LTD 260420.pdf,5,ok
Material\02 - Other Recent ROK Proj\CQUTafe_Material\big ticket and misc\tradelink\1057331_TRICORE_PLUMBING_SERVICES_PTY_LTD.pdf,5,ok
Material\02 - Other Recent ROK Proj\CQUTafe_Material\big ticket and misc\tradelink\1057751_CQU_ROCKHAMPTON_TAFE_CONSOLIDATION copper.pdf,4,ok
Material\02 - Other Recent ROK Proj\NAS_Material\Fixtures\1060158_NAS-ROCKHAMPTON_WAREHOUSE.pdf,4,ok
Material\02 - Other Recent ROK Proj\NAS_Material\Fixtures\1067047_NAS_OFFICE_&_WAREHOUSE_-_26608534.pdf,5,ok
Material\02 - Other Recent ROK Proj\NAS_Material\Material\civil storm water pipe line\tradelink\1065005_TRICORE_PLUMBING_SERVICES_PTY_LTD.pdf,2,ok
Material\02 - Other Recent ROK Proj\NAS_Material\Material\hydraluic material\reece\Q-459014437-260716_11061860-line.pdf,4,ok
Material\02 - Other Recent ROK Proj\NAS_Material\Material\hydraluic material\tradelink\1066369_TRICORE_CIVIL_SERVICES_PTY_LTD.pdf,6,ok
Material\02 - Other Recent ROK Proj\NAS_Material\Material\pit and headwall\humes\DIRECT DEPOSIT DETAILS .pdf,1,ok
Material\02 - Other Recent ROK Proj\NAS_Material\Material\pit and headwall\humes\Humes Service Fees.pdf,1,ok
Material\02 - Other Recent ROK Proj\NAS_Material\Material\pit and headwall\humes\Humes Tender & Contract Terms - Holcim (Australia) Pty Ltd - trading as Humes (April 2026).pdf,1,ok (longpath)
Material\02 - Other Recent ROK Proj\NAS_Material\Material\pit and headwall\humes\Humes Terms Sale.pdf,5,ok
Material\02 - Other Recent ROK Proj\NAS_Material\Material\pit and headwall\humes\HUMES_Q21641195_REV1_TRICORE PLUMBING_260701 - 787 YAAMBA ROAD PARKHURST #10260567.pdf,7,ok (longpath)
Material\02 - Other Recent ROK Proj\NAS_Material\Material\pit and headwall\jaybro\tricore 20043160.pdf,2,ok
Material\02 - Other Recent ROK Proj\NAS_Material\Material\pit and headwall\tradelink\1065005_TRICORE_PLUMBING_SERVICES_PTY_LTD.pdf,2,ok
Material\02 - Other Recent ROK Proj\NAS_Material\Material\pit and headwall\tradelink\ss_1065005_TRICORE_PLUMBING_SERVICES_PTY_LTD.pdf,2,ok
Tender Docs\260701-Paynters\NQL2024-0320 AC Rev0 Geotechnical Investigation.pdf,184,ok
Tender Docs\260701-Paynters\00 Invitation to Tender\26-148 Invitation to Tender Letter.pdf,3,ok
Tender Docs\260701-Paynters\01 Drawings\VOL 20 - SE_12306_SKT_CMP_SUB-STAGES_B.pdf,1,ok
Tender Docs\260701-Paynters\01 Drawings\1. Clubhouse (NBC)\Vol 06. Hydraulic Services\260701 Club house hydraulic Combine T1.pdf,12,ok
Tender Docs\260701-Paynters\01 Drawings\1. Clubhouse (NBC)\Vol 06. Hydraulic Services\H-NBC-000-T1 COVER SHEET.pdf,1,ok
Tender Docs\260701-Paynters\01 Drawings\1. Clubhouse (NBC)\Vol 06. Hydraulic Services\H-NBC-001-T1 LEGEND AND SYMBOLS.pdf,1,ok
Tender Docs\260701-Paynters\01 Drawings\1. Clubhouse (NBC)\Vol 06. Hydraulic Services\H-NBC-002-T1 HYDRAULIC NOTES.pdf,1,ok
Tender Docs\260701-Paynters\01 Drawings\1. Clubhouse (NBC)\Vol 06. Hydraulic Services\H-NBC-100-T1 GROUND FLOOR SANITARY PLUMBING LAYOUT - PART 1.pdf,1,ok (longpath)
Tender Docs\260701-Paynters\01 Drawings\1. Clubhouse (NBC)\Vol 06. Hydraulic Services\H-NBC-101-T1 GROUND FLOOR SANITARY PLUMBING LAYOUT - PART 2.pdf,1,ok (longpath)
Tender Docs\260701-Paynters\01 Drawings\1. Clubhouse (NBC)\Vol 06. Hydraulic Services\H-NBC-102-T1 GROUND FLOOR SANITARY PLUMBING LAYOUT - PART 3.pdf,1,ok (longpath)
Tender Docs\260701-Paynters\01 Drawings\1. Clubhouse (NBC)\Vol 06. Hydraulic Services\H-NBC-103-T1 ROOF LEVEL STORM WATER LAYOUT.pdf,1,ok
Tender Docs\260701-Paynters\01 Drawings\1. Clubhouse (NBC)\Vol 06. Hydraulic Services\H-NBC-200-T1 GROUND FLOOR WATER RETICULATION LAYOUT - PART 1.pdf,1,ok (longpath)
Tender Docs\260701-Paynters\01 Drawings\1. Clubhouse (NBC)\Vol 06. Hydraulic Services\H-NBC-201-T1 GROUND FLOOR WATER RETICULATION LAYOUT - PART 2.pdf,1,ok (longpath)
Tender Docs\260701-Paynters\01 Drawings\1. Clubhouse (NBC)\Vol 06. Hydraulic Services\H-NBC-202-T1 GROUND FLOOR WATER RETICULATION LAYOUT - PART 3.pdf,1,ok (longpath)
Tender Docs\260701-Paynters\01 Drawings\1. Clubhouse (NBC)\Vol 06. Hydraulic Services\H-NBC-300-T1 DETAILS.pdf,1,ok
Tender Docs\260701-Paynters\01 Drawings\1. Clubhouse (NBC)\Vol 06. Hydraulic Services\H-NBC-301-T1 DETAILS.pdf,1,ok
Tender Docs\260701-Paynters\01 Drawings\2. Public Amenities (PAM)\VOL 11. Hydraulic Services\260701 Public Amenities Hydraulic Combine  T1.pdf,8,ok
Tender Docs\260701-Paynters\01 Drawings\2. Public Amenities (PAM)\VOL 11. Hydraulic Services\H-PAM-000-T1 COVER SHEET.pdf,1,ok
"Tender Docs\260701-Paynters\01 Drawings\2. Public Amenities (PAM)\VOL 11. Hydraulic Services\H-PAM-001-T1 ABBREVIATIONS, LEGEND & SYMBOLS.pdf",1,ok
Tender Docs\260701-Paynters\01 Drawings\2. Public Amenities (PAM)\VOL 11. Hydraulic Services\H-PAM-002-T1 GENERAL NOTES.pdf,1,ok
Tender Docs\260701-Paynters\01 Drawings\2. Public Amenities (PAM)\VOL 11. Hydraulic Services\H-PAM-100-T1 GROUND FLOOR SANITARY PLUMBING LAYOUT.pdf,1,ok (longpath)
Tender Docs\260701-Paynters\01 Drawings\2. Public Amenities (PAM)\VOL 11. Hydraulic Services\H-PAM-101-T1 ROOF LEVEL STORM WATER LAYOUT.pdf,1,ok
Tender Docs\260701-Paynters\01 Drawings\2. Public Amenities (PAM)\VOL 11. Hydraulic Services\H-PAM-200-T1 GROUND FLOOR WATER RETICULATION LAYOUT.pdf,1,ok (longpath)
Tender Docs\260701-Paynters\01 Drawings\2. Public Amenities (PAM)\VOL 11. Hydraulic Services\H-PAM-300-T1 DETAILS.pdf,1,ok
Tender Docs\260701-Paynters\01 Drawings\2. Public Amenities (PAM)\VOL 11. Hydraulic Services\H-PAM-301-T1 DETAILS.pdf,1,ok
Tender Docs\260701-Paynters\01 Drawings\4. Siteworks\VOL 15. Civil Engineering\260701 Sitework Civil SW Combine T1.pdf,27,ok
Tender Docs\260701-Paynters\01 Drawings\4. Siteworks\VOL 15. Civil Engineering\SE_12306_F1300-T1 STORMWATER DRAINAGE LAYOUT PLAN SHEET 1.pdf,1,ok
Tender Docs\260701-Paynters\01 Drawings\4. Siteworks\VOL 15. Civil Engineering\SE_12306_F1301-T1 STORMWATER DRAINAGE LAYOUT PLAN SHEET 2.pdf,1,ok
Tender Docs\260701-Paynters\01 Drawings\4. Siteworks\VOL 15. Civil Engineering\SE_12306_F1302-T1 STORMWATER DRAINAGE LAYOUT PLAN SHEET 3.pdf,1,ok
Tender Docs\260701-Paynters\01 Drawings\4. Siteworks\VOL 15. Civil Engineering\SE_12306_F1303-T1 STORMWATER DRAINAGE LAYOUT PLAN SHEET 4.pdf,1,ok
Tender Docs\260701-Paynters\01 Drawings\4. Siteworks\VOL 15. Civil Engineering\SE_12306_F1304-T1 STORMWATER DRAINAGE LAYOUT PLAN SHEET 5.pdf,1,ok
Tender Docs\260701-Paynters\01 Drawings\4. Siteworks\VOL 15. Civil Engineering\SE_12306_F1305-T1 STORMWATER DRAINAGE LAYOUT PLAN SHEET 6.pdf,1,ok
Tender Docs\260701-Paynters\01 Drawings\4. Siteworks\VOL 15. Civil Engineering\SE_12306_F1310-T1 STORMWATER DRAINAGE PIT SCHEDULE.pdf,1,ok
Tender Docs\260701-Paynters\01 Drawings\4. Siteworks\VOL 15. Civil Engineering\SE_12306_F1320-T1 STORMWATER DRAINAGE DETAILS SHEET 1.pdf,1,ok
Tender Docs\260701-Paynters\01 Drawings\4. Siteworks\VOL 15. Civil Engineering\SE_12306_F1321-T1 STORMWATER DRAINAGE DETAILS SHEET 2.pdf,1,ok
Tender Docs\260701-Paynters\01 Drawings\4. Siteworks\VOL 15. Civil Engineering\SE_12306_F1322-T1 STORMWATER DRAINAGE DETAILS SHEET 3.pdf,1,ok
Tender Docs\260701-Paynters\01 Drawings\4. Siteworks\VOL 15. Civil Engineering\SE_12306_F1323-T1 STORMWATER DRAINAGE DETAILS SHEET 4.pdf,1,ok
Tender Docs\260701-Paynters\01 Drawings\4. Siteworks\VOL 15. Civil Engineering\SE_12306_F1324-T1 STORMWATER DRAINAGE DETAILS SHEET 5.pdf,1,ok
Tender Docs\260701-Paynters\01 Drawings\4. Siteworks\VOL 15. Civil Engineering\SE_12306_F1325-T1 STORMWATER DRAINAGE DETAILS SHEET 5.pdf,1,ok
Tender Docs\260701-Paynters\01 Drawings\4. Siteworks\VOL 15. Civil Engineering\SE_12306_F1350-T1 STORMWATER DRAINAGE LONG SECTIONS SHEET 1.pdf,1,ok
Tender Docs\260701-Paynters\01 Drawings\4. Siteworks\VOL 15. Civil Engineering\SE_12306_F1351-T1 STORMWATER DRAINAGE LONG SECTIONS SHEET 2.pdf,1,ok
Tender Docs\260701-Paynters\01 Drawings\4. Siteworks\VOL 15. Civil Engineering\SE_12306_F1352-T1 STORMWATER DRAINAGE LONG SECTIONS SHEET 3.pdf,1,ok
Tender Docs\260701-Paynters\01 Drawings\4. Siteworks\VOL 15. Civil Engineering\SE_12306_F1353-T1 STORMWATER DRAINAGE LONG SECTIONS SHEET 4.pdf,1,ok
Tender Docs\260701-Paynters\01 Drawings\4. Siteworks\VOL 15. Civil Engineering\SE_12306_F1354-T1 STORMWATER DRAINAGE LONG SECTIONS SHEET 5.pdf,1,ok
Tender Docs\260701-Paynters\01 Drawings\4. Siteworks\VOL 15. Civil Engineering\SE_12306_F1355-T1 STORMWATER DRAINAGE LONG SECTIONS SHEET 6.pdf,1,ok
Tender Docs\260701-Paynters\01 Drawings\4. Siteworks\VOL 15. Civil Engineering\SE_12306_F1356-T1 STORMWATER DRAINAGE LONG SECTIONS SHEET 7.pdf,1,ok
Tender Docs\260701-Paynters\01 Drawings\4. Siteworks\VOL 15. Civil Engineering\SE_12306_F1357-T1 STORMWATER DRAINAGE LONG SECTIONS SHEET 8.pdf,1,ok
Tender Docs\260701-Paynters\01 Drawings\4. Siteworks\VOL 15. Civil Engineering\SE_12306_F1358-T1 STORMWATER DRAINAGE LONG SECTIONS SHEET 9.pdf,1,ok
Tender Docs\260701-Paynters\01 Drawings\4. Siteworks\VOL 15. Civil Engineering\SE_12306_F1359-T1 STORMWATER DRAINAGE LONG SECTIONS SHEET 10.pdf,1,ok
Tender Docs\260701-Paynters\01 Drawings\4. Siteworks\VOL 15. Civil Engineering\SE_12306_F1360-T1 STORMWATER DRAINAGE LONG SECTIONS SHEET 11.pdf,1,ok
Tender Docs\260701-Paynters\01 Drawings\4. Siteworks\VOL 15. Civil Engineering\SE_12306_F1361-T1 STORMWATER DRAINAGE LONG SECTIONS SHEET 12.pdf,1,ok
Tender Docs\260701-Paynters\01 Drawings\4. Siteworks\VOL 15. Civil Engineering\SE_12306_F1362-T1 STORMWATER DRAINAGE LONG SECTIONS SHEET 14.pdf,1,ok
Tender Docs\260701-Paynters\01 Drawings\4. Siteworks\VOL 15. Civil Engineering\SE_12306_F1363-T1 STORMWATER DRAINAGE LONG SECTIONS SHEET 15.pdf,1,ok
Tender Docs\260701-Paynters\01 Drawings\4. Siteworks\VOL 17. Hydraulic Services\260701 Site work Hydraulic Combine T1.pdf,6,ok
"Tender Docs\260701-Paynters\01 Drawings\4. Siteworks\VOL 17. Hydraulic Services\H001-T1 COVER SHEET, DRAWING SCHEDULE, SYMBOLS AND ABBREVIATIONS.pdf",1,ok (longpath)
Tender Docs\260701-Paynters\01 Drawings\4. Siteworks\VOL 17. Hydraulic Services\H002-T1 SPECIFICATION.pdf,1,ok
Tender Docs\260701-Paynters\01 Drawings\4. Siteworks\VOL 17. Hydraulic Services\H003-T1 STAGE 1 SITE RETICULATION.pdf,1,ok
Tender Docs\260701-Paynters\01 Drawings\4. Siteworks\VOL 17. Hydraulic Services\H300-T1 DETAILS.pdf,1,ok
Tender Docs\260701-Paynters\01 Drawings\4. Siteworks\VOL 17. Hydraulic Services\QCPS32VC-A01 Q-MAX FORTIS 3200 PUMP STATION GENERAL LAYOUT (SECTIONAL PLAN VIEW).pdf,1,ok (longpath)
Tender Docs\260701-Paynters\01 Drawings\4. Siteworks\VOL 17. Hydraulic Services\QCPS32VC-A02 Q-MAX FORTIS 3200 PUMP STATION GENERAL LAYOUT (SECTIONAL ELEVATION).pdf,1,ok (longpath)
Tender Docs\260701-Paynters\02 Specifications\VOL 21 - Invitation to Tender - Part 2 - Technical Specification.pdf,17,ok
Tender Docs\260701-Paynters\02 Specifications\1. Clubhouse and Amenities Architectural Specifications\VOL 25. Clubhouse  - FF&E Schedule T1.pdf,20,ok
Tender Docs\260701-Paynters\02 Specifications\1. Clubhouse and Amenities Architectural Specifications\VOL 28. Amenities - FF&E Schedule T1.pdf,9,ok
Tender Docs\260701-Paynters\02 Specifications\4. Hydraulic Services\VOL 38 - Hydraulic Services Specification-T1.pdf,153,ok
Tender Docs\260701-Paynters\Addendum 1\Attachment 14 - Vegetation and Fauna Management Plan.pdf,11,ok
Tender Docs\260701-Paynters\Addendum 1\Rockhampton Sports Precinct.pdf,1,ok
Tender Docs\260701-Paynters\Addendum 10\16699_Addendum No. 10.pdf,3,ok
Tender Docs\260701-Paynters\Addendum 10\16699_Addendum No. 8.pdf,4,ok
Tender Docs\260701-Paynters\Addendum 10\16699_Addendum No. 9.pdf,4,ok
Tender Docs\260701-Paynters\Addendum 10\24253_RSP-LSC-Transmittal-[TENDER].pdf,2,ok
Tender Docs\260701-Paynters\Addendum 10\25015-E-SITE-304_T2.pdf,1,ok
Tender Docs\260701-Paynters\Addendum 10\25015-E-SITE-306_T2.pdf,1,ok
Tender Docs\260701-Paynters\Addendum 10\LD-2101 SURFACE FINISHES PLAN 01.pdf,1,ok
Tender Docs\260701-Paynters\Addendum 10\LD-2102 SURFACE FINISHES PLAN 02.pdf,1,ok
Tender Docs\260701-Paynters\Addendum 10\LD-2103 SURFACE FINISHES PLAN 03.pdf,1,ok
Tender Docs\260701-Paynters\Addendum 10\LD-2104 SURFACE FINISHES PLAN 04.pdf,1,ok
Tender Docs\260701-Paynters\Addendum 10\LD-2105 SURFACE FINISHES PLAN 05.pdf,1,ok
Tender Docs\260701-Paynters\Addendum 10\LD-2106 SURFACE FINISHES PLAN 06.pdf,1,ok
Tender Docs\260701-Paynters\Addendum 10\LD-2109 SURFACE FINISHES PLAN 09.pdf,1,ok
Tender Docs\260701-Paynters\Addendum 10\MOD-AR-NBC-2001-T2-ELEVATIONS - SHEET 01.pdf,1,ok
Tender Docs\260701-Paynters\Addendum 10\MOD-AR-NBC-2002-T2-ELEVATIONS - SHEET 02.pdf,1,ok
Tender Docs\260701-Paynters\Addendum 10\MOD-AR-NBC-5102-T2-DOOR & WINDOW SCHEDULES.pdf,1,ok
Tender Docs\260701-Paynters\Addendum 10\SE_12306_RPT006_B Design Report.pdf,95,ok
Tender Docs\260701-Paynters\Addendum 2\Rockhampton Sports Precinct.pdf,1,ok
Tender Docs\260701-Paynters\Addendum 5\Rockhampton Sports Precinct.pdf,2,ok
Tender Docs\260701-Paynters\Addendum 5\Attachments\25015-E-SITE-304_T2.pdf,1,ok
Tender Docs\260701-Paynters\Addendum 5\Attachments\25015-E-SITE-306_T2.pdf,1,ok
Tender Docs\260701-Paynters\Addendum 7\16699_Addendum No. 7.pdf,6,ok
Tender Docs\260701-Paynters\Addendum 8\16699_Addendum No. 8.pdf,4,ok
Tender Docs\260701-Paynters\Addendum 8\MOD-AR-NBC-2001-T2-ELEVATIONS - SHEET 01.pdf,1,ok
Tender Docs\260701-Paynters\Addendum 8\MOD-AR-NBC-2002-T2-ELEVATIONS - SHEET 02.pdf,1,ok
Tender Docs\260701-Paynters\Addendum 8\SE_12306_RPT006_B Design Report.pdf,95,ok
Tender Docs\260701-Paynters\Addendum 9\16699_Addendum No. 9.pdf,4,ok
Tender Docs\260701-Paynters\Addendum 9\24253_RSP-LSC-Transmittal-[TENDER].pdf,2,ok
Tender Docs\260701-Paynters\Addendum 9\25015-E-SITE-304_T2.pdf,1,ok
Tender Docs\260701-Paynters\Addendum 9\25015-E-SITE-306_T2.pdf,1,ok
Tender Docs\260701-Paynters\Addendum 9\LD-2101 SURFACE FINISHES PLAN 01.pdf,1,ok
Tender Docs\260701-Paynters\Addendum 9\LD-2102 SURFACE FINISHES PLAN 02.pdf,1,ok
Tender Docs\260701-Paynters\Addendum 9\LD-2103 SURFACE FINISHES PLAN 03.pdf,1,ok
Tender Docs\260701-Paynters\Addendum 9\LD-2104 SURFACE FINISHES PLAN 04.pdf,1,ok
Tender Docs\260701-Paynters\Addendum 9\LD-2105 SURFACE FINISHES PLAN 05.pdf,1,ok
Tender Docs\260701-Paynters\Addendum 9\LD-2106 SURFACE FINISHES PLAN 06.pdf,1,ok
Tender Docs\260701-Paynters\Addendum 9\LD-2109 SURFACE FINISHES PLAN 09.pdf,1,ok
Tender Docs\260701-Paynters\Addendum 9\MOD-AR-NBC-5102-T2-DOOR & WINDOW SCHEDULES.pdf,1,ok
TriCore Docs\Denis Email updates\260724 _ ROK Sports Precinct_ CIVIL SW V1 Summaries.pdf,5,ok
TriCore Docs\Denis Email updates\260724_ ROK SPORTS Hydraulic Summaries.pdf,7,ok
TriCore Docs\Groundplan Take off\260701_ Club house Architecture fixture count REV T1\FIXTURE COUNT CLUB HOUSE  p1.pdf,1,ok
TriCore Docs\Groundplan Take off\260701_ Club house Architecture fixture count REV T1\FIXTURE COUNT CLUB HOUSE  p2-legend.pdf,1,ok
TriCore Docs\Groundplan Take off\260701_ Club house Architecture fixture count REV T1\FIXTURE COUNT CLUB HOUSE  p2.pdf,1,ok
TriCore Docs\Groundplan Take off\260701_ Club house Architecture fixture count REV T1\FIXTURE COUNT CLUB HOUSE  p3.pdf,1,ok
TriCore Docs\Groundplan Take off\260701_ Club house Architecture fixture count REV T1\FIXTURE COUNT CLUB HOUSE  p4.pdf,1,ok
TriCore Docs\Groundplan Take off\260701_ Club house Architecture fixture count REV T1\FIXTURE COUNT CLUB HOUSE  p5-legend.pdf,1,ok
TriCore Docs\Groundplan Take off\260701_ Club house Architecture fixture count REV T1\FIXTURE COUNT CLUB HOUSE  p5.pdf,1,ok
TriCore Docs\Groundplan Take off\260701_ Club house Architecture fixture count REV T1\FIXTURE COUNT CLUB HOUSE  p6.pdf,1,ok
TriCore Docs\Groundplan Take off\260701_ Club house Architecture fixture count REV T1\FIXTURE COUNT CLUB HOUSE  p7.pdf,1,ok
TriCore Docs\Groundplan Take off\260701_ Club house Architecture fixture count REV T1\FIXTURE COUNT CLUB HOUSE  p8.pdf,1,ok
TriCore Docs\Groundplan Take off\260701_ Club house Architecture fixture count REV T1\FIXTURE COUNT CLUB HOUSE  p9.pdf,1,ok
TriCore Docs\Groundplan Take off\260701_ Public Amenities  Hydraulic  Rev T1\A H-B844~1.pdf,1,ok
TriCore Docs\Groundplan Take off\260701_ Public Amenities  Hydraulic  Rev T1\B H-2A67~1.pdf,1,ok
TriCore Docs\Groundplan Take off\260701_ Public Amenities  Hydraulic  Rev T1\C H-2FB8~1.pdf,1,ok
TriCore Docs\Groundplan Take off\260701_ Public Amenities  Hydraulic  Rev T1\D H-PAM-~1-legend.pdf,1,ok
TriCore Docs\Groundplan Take off\260701_ Public Amenities  Hydraulic  Rev T1\D H-PAM-~1.pdf,1,ok
TriCore Docs\Groundplan Take off\260701_ Public Amenities  Hydraulic  Rev T1\E H-PAM-~3.pdf,1,ok
TriCore Docs\Groundplan Take off\260701_ Public Amenities  Hydraulic  Rev T1\F H-PAM-~2-legend.pdf,2,ok
TriCore Docs\Groundplan Take off\260701_ Public Amenities  Hydraulic  Rev T1\F H-PAM-~2.pdf,1,ok
TriCore Docs\Groundplan Take off\260701_ Public Amenities  Hydraulic  Rev T1\G H-8810~1.pdf,1,ok
TriCore Docs\Groundplan Take off\260701_ Public Amenities  Hydraulic  Rev T1\H-PAM-~4.pdf,1,ok
TriCore Docs\Groundplan Take off\260701_Clubhouse Hydraulic  Rev T1\A H-NBC-~1.pdf,1,ok
TriCore Docs\Groundplan Take off\260701_Clubhouse Hydraulic  Rev T1\B H-AF9C~1.pdf,1,ok
TriCore Docs\Groundplan Take off\260701_Clubhouse Hydraulic  Rev T1\C H-65D2~1.pdf,1,ok
TriCore Docs\Groundplan Take off\260701_Clubhouse Hydraulic  Rev T1\D H-47E7~1-legend.pdf,2,ok
TriCore Docs\Groundplan Take off\260701_Clubhouse Hydraulic  Rev T1\D H-47E7~1.pdf,1,ok
TriCore Docs\Groundplan Take off\260701_Clubhouse Hydraulic  Rev T1\E H-NBC-~4-legend.pdf,1,ok
TriCore Docs\Groundplan Take off\260701_Clubhouse Hydraulic  Rev T1\E H-NBC-~4.pdf,1,ok
TriCore Docs\Groundplan Take off\260701_Clubhouse Hydraulic  Rev T1\F H-9C93~1-legend.pdf,2,ok
TriCore Docs\Groundplan Take off\260701_Clubhouse Hydraulic  Rev T1\F H-9C93~1.pdf,1,ok
TriCore Docs\Groundplan Take off\260701_Clubhouse Hydraulic  Rev T1\G H-D2FA~1.pdf,1,ok
TriCore Docs\Groundplan Take off\260701_Clubhouse Hydraulic  Rev T1\H H-NBC-~2-legend.pdf,2,ok
TriCore Docs\Groundplan Take off\260701_Clubhouse Hydraulic  Rev T1\H H-NBC-~2.pdf,1,ok
TriCore Docs\Groundplan Take off\260701_Clubhouse Hydraulic  Rev T1\I H-7C9A~1-legend.pdf,1,ok
TriCore Docs\Groundplan Take off\260701_Clubhouse Hydraulic  Rev T1\I H-7C9A~1.pdf,1,ok
TriCore Docs\Groundplan Take off\260701_Clubhouse Hydraulic  Rev T1\J H-ACD6~1-legend.pdf,2,ok
TriCore Docs\Groundplan Take off\260701_Clubhouse Hydraulic  Rev T1\J H-ACD6~1.pdf,1,ok
TriCore Docs\Groundplan Take off\260701_Clubhouse Hydraulic  Rev T1\K H-NBC-~3.pdf,1,ok
TriCore Docs\Groundplan Take off\260701_Clubhouse Hydraulic  Rev T1\L H-71E3~1.pdf,1,ok
TriCore Docs\Groundplan Take off\260701_SITE WORK CIVIL SW REV T1\260701 Sitework Civil SW Combine T1  p1-legend.pdf,2,ok
TriCore Docs\Groundplan Take off\260701_SITE WORK CIVIL SW REV T1\260701 Sitework Civil SW Combine T1  p1.pdf,1,ok
TriCore Docs\Groundplan Take off\260701_SITE WORK CIVIL SW REV T1\260701 Sitework Civil SW Combine T1  p10.pdf,1,ok
TriCore Docs\Groundplan Take off\260701_SITE WORK CIVIL SW REV T1\260701 Sitework Civil SW Combine T1  p11.pdf,1,ok
TriCore Docs\Groundplan Take off\260701_SITE WORK CIVIL SW REV T1\260701 Sitework Civil SW Combine T1  p12.pdf,1,ok
TriCore Docs\Groundplan Take off\260701_SITE WORK CIVIL SW REV T1\260701 Sitework Civil SW Combine T1  p13.pdf,1,ok
TriCore Docs\Groundplan Take off\260701_SITE WORK CIVIL SW REV T1\260701 Sitework Civil SW Combine T1  p14.pdf,1,ok
TriCore Docs\Groundplan Take off\260701_SITE WORK CIVIL SW REV T1\260701 Sitework Civil SW Combine T1  p15.pdf,1,ok
TriCore Docs\Groundplan Take off\260701_SITE WORK CIVIL SW REV T1\260701 Sitework Civil SW Combine T1  p16.pdf,1,ok
TriCore Docs\Groundplan Take off\260701_SITE WORK CIVIL SW REV T1\260701 Sitework Civil SW Combine T1  p17.pdf,1,ok
TriCore Docs\Groundplan Take off\260701_SITE WORK CIVIL SW REV T1\260701 Sitework Civil SW Combine T1  p18.pdf,1,ok
TriCore Docs\Groundplan Take off\260701_SITE WORK CIVIL SW REV T1\260701 Sitework Civil SW Combine T1  p19.pdf,1,ok
TriCore Docs\Groundplan Take off\260701_SITE WORK CIVIL SW REV T1\260701 Sitework Civil SW Combine T1  p2-legend.pdf,2,ok
TriCore Docs\Groundplan Take off\260701_SITE WORK CIVIL SW REV T1\260701 Sitework Civil SW Combine T1  p2.pdf,1,ok
TriCore Docs\Groundplan Take off\260701_SITE WORK CIVIL SW REV T1\260701 Sitework Civil SW Combine T1  p20.pdf,1,ok
TriCore Docs\Groundplan Take off\260701_SITE WORK CIVIL SW REV T1\260701 Sitework Civil SW Combine T1  p21.pdf,1,ok
TriCore Docs\Groundplan Take off\260701_SITE WORK CIVIL SW REV T1\260701 Sitework Civil SW Combine T1  p22.pdf,1,ok
TriCore Docs\Groundplan Take off\260701_SITE WORK CIVIL SW REV T1\260701 Sitework Civil SW Combine T1  p23.pdf,1,ok
TriCore Docs\Groundplan Take off\260701_SITE WORK CIVIL SW REV T1\260701 Sitework Civil SW Combine T1  p24.pdf,1,ok
TriCore Docs\Groundplan Take off\260701_SITE WORK CIVIL SW REV T1\260701 Sitework Civil SW Combine T1  p25.pdf,1,ok
TriCore Docs\Groundplan Take off\260701_SITE WORK CIVIL SW REV T1\260701 Sitework Civil SW Combine T1  p26.pdf,1,ok
TriCore Docs\Groundplan Take off\260701_SITE WORK CIVIL SW REV T1\260701 Sitework Civil SW Combine T1  p27.pdf,1,ok
TriCore Docs\Groundplan Take off\260701_SITE WORK CIVIL SW REV T1\260701 Sitework Civil SW Combine T1  p3-legend.pdf,2,ok
TriCore Docs\Groundplan Take off\260701_SITE WORK CIVIL SW REV T1\260701 Sitework Civil SW Combine T1  p3.pdf,1,ok
TriCore Docs\Groundplan Take off\260701_SITE WORK CIVIL SW REV T1\260701 Sitework Civil SW Combine T1  p4-legend.pdf,2,ok
TriCore Docs\Groundplan Take off\260701_SITE WORK CIVIL SW REV T1\260701 Sitework Civil SW Combine T1  p4.pdf,1,ok
TriCore Docs\Groundplan Take off\260701_SITE WORK CIVIL SW REV T1\260701 Sitework Civil SW Combine T1  p5-legend.pdf,2,ok
TriCore Docs\Groundplan Take off\260701_SITE WORK CIVIL SW REV T1\260701 Sitework Civil SW Combine T1  p5.pdf,1,ok
TriCore Docs\Groundplan Take off\260701_SITE WORK CIVIL SW REV T1\260701 Sitework Civil SW Combine T1  p6-legend.pdf,1,ok
TriCore Docs\Groundplan Take off\260701_SITE WORK CIVIL SW REV T1\260701 Sitework Civil SW Combine T1  p6.pdf,1,ok
TriCore Docs\Groundplan Take off\260701_SITE WORK CIVIL SW REV T1\260701 Sitework Civil SW Combine T1  p7.pdf,1,ok
TriCore Docs\Groundplan Take off\260701_SITE WORK CIVIL SW REV T1\260701 Sitework Civil SW Combine T1  p8.pdf,1,ok
TriCore Docs\Groundplan Take off\260701_SITE WORK CIVIL SW REV T1\260701 Sitework Civil SW Combine T1  p9.pdf,1,ok
TriCore Docs\Groundplan Take off\260701_Sitework Hydraulic Rev T1\H001-T~1.pdf,1,ok
TriCore Docs\Groundplan Take off\260701_Sitework Hydraulic Rev T1\H002-T~1.pdf,1,ok
TriCore Docs\Groundplan Take off\260701_Sitework Hydraulic Rev T1\H003-T~1-legend.pdf,3,ok
TriCore Docs\Groundplan Take off\260701_Sitework Hydraulic Rev T1\H003-T~1.pdf,1,ok
TriCore Docs\Groundplan Take off\260701_Sitework Hydraulic Rev T1\H300-T~1.pdf,1,ok
TriCore Docs\Groundplan Take off\260701_Sitework Hydraulic Rev T1\QCPS32~A01.pdf,1,ok
TriCore Docs\Groundplan Take off\260701_Sitework Hydraulic Rev T1\QCPS32~A02.pdf,1,ok
TriCore Docs\Submission EXAMPLES\Testimonials\CQU Testimonial Letter.pdf,1,ok
TriCore Docs\Submission EXAMPLES\Testimonials\GHD Testimonial Letter.pdf,1,ok
