cell,formula,cached_value
B1,,Project: 
B2,,Tricore   -
B3,,Stage 1 Version 1
A4,,Item  
A9,,1
B9,,Complete - 
B12,,Labour
B14,,DAY
J14,,april 2026 direct impact Increase % (not contigency)
B15,='LabourProject Rates_Master'!$B$14,TRADESMAN_LEADING HAND
C15,,Day
E15,='LabourProject Rates_Master'!$E$15,1231.142857142857
F15,=E15*D15,0
B16,='LabourProject Rates_Master'!$B$23,TRADESMAN_PLUMBER_OPERATOR
C16,,Day
E16,='LabourProject Rates_Master'!$E$22,941.1647284878864
F16,=E16*D16,0
K16,,PE Pipe & Fitting
L16,,0.38
M16,,1.38
B17,='LabourProject Rates_Master'!$B$30,T/A & Apprentice
C17,,Day
E17,='LabourProject Rates_Master'!$E$29,768.0650793650794
F17,=E17*D17,0
K17,,PVC Pipe & Fittings
L17,,0.38
M17,,1.38
B18,='LabourProject Rates_Master'!$B$36,Crew #1 - InGround Drainage
C18,,Day
E18,='LabourProject Rates_Master'!$E$37,2650.394536340852
F18,=E18*D18,0
K18,,Subby Rates
L18,,0.15
M18,,1.15
B19,='LabourProject Rates_Master'!$B$43,Crew #2 - InGround Water/Fire
C19,,Day
E19,='LabourProject Rates_Master'!$E$44,2650.394536340852
F19,=E19*D19,0
K19,,Delivey Rate
L19,,0.2
M19,,1.2
B20,='LabourProject Rates_Master'!B51,Crew #3 - Above Ground Drainage
C20,,Day
E20,='LabourProject Rates_Master'!E52,2650.394536340852
F20,=E20*D20,0
B21,='LabourProject Rates_Master'!B59,Crew #4 - Above Ground WATER/FIRE
C21,,Day
E21,='LabourProject Rates_Master'!E60,2650.394536340852
F21,=E21*D21,0
B22,='LabourProject Rates_Master'!B67,Crew #5 - Above Ground FitOff / Misc
C22,,Day
E22,='LabourProject Rates_Master'!E68,2650.394536340852
F22,=E22*D22,0
B23,='LabourProject Rates_Master'!B75,Crew #6 - DEMO
C23,,Day
E23,='LabourProject Rates_Master'!E76,1709.2298078529657
F23,=E23*D23,0
B27,,HOUR
B28,='LabourProject Rates_Master'!$B$14,TRADESMAN_LEADING HAND
C28,,HR
D28,,0
E28,='LabourProject Rates_Master'!$E$14,123.11428571428571
F28,=E28*D28,0
B29,='LabourProject Rates_Master'!$B$23,TRADESMAN_PLUMBER_OPERATOR
C29,,HR
D29,,0
E29,='LabourProject Rates_Master'!$E$21,94.11647284878863
F29,=E29*D29,0
B30,='LabourProject Rates_Master'!$B$30,T/A & Apprentice
C30,,HR
D30,,0
E30,='LabourProject Rates_Master'!$E$28,76.80650793650794
F30,=E30*D30,0
B31,='LabourProject Rates_Master'!$B$36,Crew #1 - InGround Drainage
C31,,HR
D31,,0
E31,='LabourProject Rates_Master'!$E$36,265.0394536340852
F31,=E31*D31,0
B32,='LabourProject Rates_Master'!$B$43,Crew #2 - InGround Water/Fire
C32,,HR
D32,,0
E32,='LabourProject Rates_Master'!$E$43,265.0394536340852
F32,=E32*D32,0
B35,,Demolition & Reinstatement
B36,,DEMO
B37,='Misc Subbie Rates_Master'!A49,Asphalt Cutting
C37,,m
E37,='Misc Subbie Rates_Master'!D49+('Misc Subbie Rates_Master'!D49*$L$18),15.525
F37,=E37*D37,0
B38,='Misc Subbie Rates_Master'!A50,Concrete Cutting
C38,,m
E38,='Misc Subbie Rates_Master'!D50+('Misc Subbie Rates_Master'!D50*$L$18),18.4
F38,=E38*D38,0
B39,,Con Cut Establishemnt Fee
C39,,ea
E39,='Misc Subbie Rates_Master'!D51+('Misc Subbie Rates_Master'!D51*$L$18),92
F39,=E39*D39,0
B40,,REINSTATE - CONCRETE
B41,='Misc Subbie Rates_Master'!A56,"Road/Drveway Reinstate; 1mW x 150 Thck, N25/20/80, Incl Reinforcement"
C41,,m
E41,='Misc Subbie Rates_Master'!D56,145
F41,=E41*D41,0
B42,='Misc Subbie Rates_Master'!A57,Kerb & Channel - 1m Wide
C42,,ea
E42,='Misc Subbie Rates_Master'!D57,155
F42,=E42*D42,0
B43,='Misc Subbie Rates_Master'!A58,"Footpath - 1.5mW, N25/20/80, Incl Reinforcement"
C43,,lm
E43,='Misc Subbie Rates_Master'!D58,180
F43,=E43*D43,0
B44,='Misc Subbie Rates_Master'!A59,"Footpath - 1.5mW, EXPOSED AGG, N25/20/80, Incl Reinforcement"
C44,,lm
E44,='Misc Subbie Rates_Master'!D59,185
F44,=E44*D44,0
B45,,REINSTATE - ASPHALT
B46,='Misc Subbie Rates_Master'!A64,50mm Thck - Trench Reinstatement Through Road/Driveway 
C46,,m2
E46,='Misc Subbie Rates_Master'!D64,97
F46,=E46*D46,0
B47,='Misc Subbie Rates_Master'!A65,50mm Thck - 1.5-2m Wide Footpath reinstatements 
C47,,m2
E47,='Misc Subbie Rates_Master'!D65,97
F47,=E47*D47,0
B48,='Misc Subbie Rates_Master'!A66,Establishment Fee (1 per stage)
C48,,Ea
E48,='Misc Subbie Rates_Master'!D66,5500
F48,=E48*D48,0
B50,,Equipment & Hire - INCL WET PLANT HIRE
A52,,HIDDEN
B52,,PLANT HIRE - WET
B53,,1.8T Excavator
C53,,Hr
E53,='Misc Subbie Rates_Master'!D10,100
F53,=E53*D53,0
B54,, 3-5 ton Excavator
C54,,Hr
E54,='Misc Subbie Rates_Master'!D11,115
F54,=E54*D54,0
B55,,3-5T Combo
C55,,Hr
E55,='Misc Subbie Rates_Master'!D12,154
F55,=E55*D55,0
B56,,Hammer attachment 3.5-4T
C56,,Hr
E56,='Misc Subbie Rates_Master'!D13,21
F56,=E56*D56,0
B57,,Ripper 3.5-4T
C57,,Hr
E57,='Misc Subbie Rates_Master'!D14,10
F57,=E57*D57,0
B58,,5t Excavator
C58,,Hr
E58,='Misc Subbie Rates_Master'!D15,150
F58,=E58*D58,0
B59,,Hammer attachment 5T
C59,,Hr
E59,='Misc Subbie Rates_Master'!D16,50
F59,=E59*D59,0
B60,,Skid steer
C60,,Hr
E60,='Misc Subbie Rates_Master'!D17,140
F60,=E60*D60,0
B61,,8T Excavator
C61,,Hr
E61,='Misc Subbie Rates_Master'!D18,128
F61,=E61*D61,0
B62,,Hammer attachment 8T
C62,,Hr
E62,='Misc Subbie Rates_Master'!D19,26
F62,=E62*D62,0
B63,,Ripper 8T
C63,,Hr
E63,='Misc Subbie Rates_Master'!D20,10
F63,=E63*D63,0
B64,,13-15T Excavator
C64,,Hr
E64,='Misc Subbie Rates_Master'!D21,153
F64,=E64*D64,0
B65,,Hammer attachment 14T
C65,,Hr
E65,='Misc Subbie Rates_Master'!D22,36
F65,=E65*D65,0
B66,,Ripper 14T
C66,,Hr
E66,='Misc Subbie Rates_Master'!D23,10
F66,=E66*D66,0
B67,,3000L Hydro Excavation Truck
C67,,Hr
E67,='Misc Subbie Rates_Master'!D24,190
F67,=E67*D67,0
B68,,4500L Hydro Excavation Truck 
C68,,Hr
E68,='Misc Subbie Rates_Master'!D25,220
F68,=E68*D68,0
B69,,6300L Hydro Excavation Truck
C69,,Hr
E69,='Misc Subbie Rates_Master'!D26,250
F69,=E69*D69,0
B70,,Water Truck allow for water at cost 
C70,,Hr
E70,='Misc Subbie Rates_Master'!D27,110
F70,=E70*D70,0
B71,,12t Body Truck Tipper
C71,,Hr
E71,='Misc Subbie Rates_Master'!D28,110
F71,=E71*D71,0
B73,,HIRE - DRY
B74,,Skid Steer Loader_Tracked (CAT249+)
C74,,Day
E74,='Equip&HIRE_Master'!D4,225.43333333333334
F74,=E74*D74,0
B75,,Skid Steer Loader_Wheeled (CAT226+)
C75,,Day
E75,='Equip&HIRE_Master'!D5,163.96666666666667
F75,=E75*D75,0
B76,,"Mini Loader, Stand-on Type"
C76,,Day
E76,='Equip&HIRE_Master'!D6,180
F76,=E76*D76,0
E77,='Equip&HIRE_Master'!D7,0
F77,=E77*D77,0
B78,,1.5-1.8 Ton_Excavator
C78,,Day
E78,='Equip&HIRE_Master'!D8,137.14285714285714
F78,=E78*D78,0
B79,,1.7-2Ton_Excavator
C79,,Day
E79,='Equip&HIRE_Master'!D9,0
F79,=E79*D79,0
B80,,3-5Ton_Excavator
C80,,Day
E80,='Equip&HIRE_Master'!D10,238.66666666666666
F80,=E80*D80,0
B81,,8Ton_Excavator
C81,,Day
E81,='Equip&HIRE_Master'!D11,261.1666666666667
F81,=E81*D81,0
B82,,10-12Ton_Excavator
C82,,Day
E82,='Equip&HIRE_Master'!D12,0
F82,=E82*D82,0
B83,,13-16Ton_Excavator
C83,,Day
E83,='Equip&HIRE_Master'!D13,317.2
F83,=E83*D83,0
B84,,20-24Ton_Excavator
C84,,Day
E84,='Equip&HIRE_Master'!D14,314.2857142857143
F84,=E84*D84,0
E85,='Equip&HIRE_Master'!D15,0
F85,=E85*D85,0
B86,,Ripper_1.7-2T
C86,,Day
E86,='Equip&HIRE_Master'!D16,0
F86,=E86*D86,0
B87,,Ripper_1.5-4T
C87,,Day
E87,='Equip&HIRE_Master'!D17,32.74
F87,=E87*D87,0
B88,,Ripper_3-5T
C88,,Day
E88,='Equip&HIRE_Master'!D18,0
F88,=E88*D88,0
B89,,Ripper_8T
C89,,Day
E89,='Equip&HIRE_Master'!D19,40.38
F89,=E89*D89,0
B90,,Breaker_1.7-2T
C90,,Day
E90,='Equip&HIRE_Master'!D20,123.33
F90,=E90*D90,0
B91,,Breaker_3-5T
C91,,Day
E91,='Equip&HIRE_Master'!D21,165.89
F91,=E91*D91,0
B92,,Breaker_8T
C92,,Day
E92,='Equip&HIRE_Master'!D22,165.89
F92,=E92*D92,0
B93,,Breaker_10-12T
C93,,Day
E93,='Equip&HIRE_Master'!D23,0
F93,=E93*D93,0
B94,,Breaker_13-15T
C94,,Day
E94,='Equip&HIRE_Master'!D24,203
F94,=E94*D94,0
B95,,Auger Drive_10-12T
E95,='Equip&HIRE_Master'!D25,0
F95,=E95*D95,0
B96,,300Dia Auger Drill
E96,='Equip&HIRE_Master'!D26,0
F96,=E96*D96,0
E97,='Equip&HIRE_Master'!D27,0
F97,=E97*D97,0
B98,,1.25T_Tipper Truck 
C98,,Day
E98,='Equip&HIRE_Master'!D28,205
F98,=E98*D98,0
B99,,2-4T_Tipper Truck
C99,,Day
E99,='Equip&HIRE_Master'!D29,166.98
F99,=E99*D99,0
B100,,<6T_Tipper Truck
C100,,Day
E100,='Equip&HIRE_Master'!D30,171.42857142857142
F100,=E100*D100,0
E101,='Equip&HIRE_Master'!D31,0
F101,=E101*D101,0
B102,,<10T_Articulated Site Tipper
C102,,Day
E102,='Equip&HIRE_Master'!D32,0
F102,=E102*D102,0
B103,,Upright Rammer_Wacker
C103,,Day
E103,='Equip&HIRE_Master'!D33,34.285714285714285
F103,=E103*D103,0
B104,,Trench Roller_Dbl Drum_Remote
C104,,Day
E104,='Equip&HIRE_Master'!D34,165
F104,=E104*D104,0
B105,,<26Ft_Scissor Lift - Diesel
C105,,Day
E105,,300
F105,=E105*D105,0
B106,,<26Ft_Scissor Lift - Elec
C106,,Day
E106,='Equip&HIRE_Master'!D36,0
F106,=E106*D106,0
B107,,<34Ft_Boom Lift - Diesel
C107,,Day
E107,='Equip&HIRE_Master'!D37,0
F107,=E107*D107,0
B108,,<34Ft_Boom Lift - Elec
C108,,Day
E108,='Equip&HIRE_Master'!D38,0
F108,=E108*D108,0
E109,='Equip&HIRE_Master'!D39,0
F109,=E109*D109,0
B110,,Porta Loo_No Tank
C110,,Day
E110,='Equip&HIRE_Master'!D40,5.46
F110,=E110*D110,0
B111,,6*3m Demantable Lunchroom - COMPLETE
C111,,Day
E111,='Equip&HIRE_Master'!D41,23
F111,=E111*D111,0
B112,,6*3m Demantable Office - COMPLETE
C112,,Day
E112,='Equip&HIRE_Master'!D42,23
F112,=E112*D112,0
B113,,20Ft Shipping Container
C113,,Day
E113,='Equip&HIRE_Master'!D43,0
F113,=E113*D113,0
B114,,Quick Cut Demo Saw
C114,,Day
E114,='Equip&HIRE_Master'!D44,0
F114,=E114*D114,0
B115,,Sngl Ph_6KVA Genset
C115,,Day
E115,='Equip&HIRE_Master'!D45,0
F115,=E115*D115,0
B116,,Diesel Air Compressor_Trailer
C116,,Day
E116,='Equip&HIRE_Master'!D46,0
F116,=E116*D116,0
B117,,Air Breaker - Heavy
C117,,Day
E117,='Equip&HIRE_Master'!D47,0
F117,=E117*D117,0
B118,,Air Hose <10m
C118,,Day
E118,='Equip&HIRE_Master'!D48,0
F118,=E118*D118,0
B119,,Elec Breaker/Jachammer
C119,,Day
E119,='Equip&HIRE_Master'!D49,0
F119,=E119*D119,0
B120,,Flexdrive Motor Unit
C120,,Day
E120,='Equip&HIRE_Master'!D50,0
F120,=E120*D120,0
B121,,Flexdrive_Pump Shaft
C121,,Day
E121,='Equip&HIRE_Master'!D51,0
F121,=E121*D121,0
B122,,Temporary Power Board
C122,,Day
E122,='Equip&HIRE_Master'!D52,0
F122,=E122*D122,0
E123,='Equip&HIRE_Master'!D53,0
F123,=E123*D123,0
B124,,Dual CabUte
C124,,Day
E124,='Equip&HIRE_Master'!D54,0
F124,=E124*D124,0
B125,,3m3 Skip Bbin 
C125,,per serive
E125,='Equip&HIRE_Master'!D55,230
F125,=E125*D125,0
B126,,plus disposal 
C126,,Tonne 
E126,='Equip&HIRE_Master'!D56,309
F126,=E126*D126,0
B127,,site fee 
C127,,Week
E127,='Equip&HIRE_Master'!D57,35
F127,=E127*D127,0
B128,,~4m3_Skip Bin
C128,,per change over 
E128,='Equip&HIRE_Master'!D58,229.9
F128,=E128*D128,0
B129,,~6m3_Skip Bin
C129,,per change over 
E129,='Equip&HIRE_Master'!D59,239.8
F129,=E129*D129,0
B130,,Plus disposal 
C130,,Tonne 
E130,='Equip&HIRE_Master'!D60,309
F130,=E130*D130,0
B131,,Site fee 
C131,,Week
E131,='Equip&HIRE_Master'!D61,35
F131,=E131*D131,0
B132,,Vacuum Excavator - Vermeer VT250D
C132,,Day
E132,='Equip&HIRE_Master'!D62,295.77
F132,=E132*D132,0
B133,,Vac Trailer – Dry Hire
C133,,Day
E133,='Equip&HIRE_Master'!D63,355
F133,=E133*D133,0
E134,='Equip&HIRE_Master'!D64,0
F134,=E134*D134,0
B135,,TRANSPORT_Ex BRIS - Return
C135,,Day
E135,='Equip&HIRE_Master'!D65,0
F135,=E135*D135,0
B136,,TRANSPORT_Ex ROK - Return
C136,,Hour
E136,='Equip&HIRE_Master'!D66,180
F136,=E136*D136,0
B137,,0-4T Per Hour Delivery Rate
C137,,Hour
E137,='Equip&HIRE_Master'!D67,125
F137,=E137*D137,0
B138,,5 - 9t Transport Hourly Rate 
C138,,Hour
E138,='Equip&HIRE_Master'!D68,160
F138,=E138*D138,0
B139,,10 - 19t Low Loader Hourly rate - Minimum 2 Hour Charge
C139,,Hour
E139,='Equip&HIRE_Master'!D69,200
F139,=E139*D139,0
B141,,FUEL - Average_Candle
C141,,Week
E141,,1850
F141,=E141*D141,0
B143,,Subbies & Misc 
B145,,Surveyor
C145,,ea
E145,='Misc Subbie Rates_Master'!D35,180
F145,=E145*D145,0
B146,,Services Locator
C146,,ea
E146,='Misc Subbie Rates_Master'!D42,130
F146,=E146*D146,0
B147,,Compaction Testing - TEST
C147,,ea
D147,,15
E147,='Misc Subbie Rates_Master'!D72,115
F147,=E147*D147,1725
B148,,Compaction Testing - Site Establishment
C148,,ea
D148,,4
E148,='Misc Subbie Rates_Master'!D73,90
F148,=E148*D148,360
C149,,ea
F149,=E149*D149,0
C150,,ea
F150,=E150*D150,0
B151,,FIRE TESTING / CERT
C151,,ea
F151,=E151*D151,0
B152,,"FULL Hydro Test - Per Test (6.5Hr 1 x fitter, 1 x apprentice, 1 day Test gear)"
C152,,ea
E152,='Misc Subbie Rates_Master'!D84,1945
F152,=E152*D152,0
B153,,Provision of Form 72
C153,,ea
E153,='Misc Subbie Rates_Master'!D86,350
F153,=E153*D153,0
B156,,"Material - Quarry, Misc"
B157,,*HIDDEN - Calc in below 
B158,='Material Rates_Master'!A185,Bedding / Fill Sand
C158,='Material Rates_Master'!B185,m3
E158,='Material Rates_Master'!D185,39.75
F158,=E158*D158,0
B159,='Material Rates_Master'!A186,CBR 45/2.5 Roadbase
C159,='Material Rates_Master'!B186,m3
E159,='Material Rates_Master'!D186,41.9
F159,=E159*D159,0
B160,='Material Rates_Master'!A187,Turf Underlay/Topsoil
C160,='Material Rates_Master'!B187,m3
E160,='Material Rates_Master'!D187,45.25
F160,=E160*D160,0
B161,='Material Rates_Master'!A188,Standard Garden Woodchip
C161,='Material Rates_Master'!B188,m3
E161,='Material Rates_Master'!D188,87
F161,=E161*D161,0
B162,='Material Rates_Master'!A189,Turf - Standard Couch or Similar
C162,='Material Rates_Master'!B189,Slab (.5m2)
E162,='Material Rates_Master'!D189,6.48
F162,=E162*D162,0
B164,='Material Rates_Master'!A193,Cement Stabalized Sand (3-5%)
C164,='Material Rates_Master'!B193,m3
E164,='Material Rates_Master'!D193,169
F164,=E164*D164,0
B165,='Material Rates_Master'!A194,Exposed Agg Concrete - Standard/Cheapest Exposed Agg Stone
C165,='Material Rates_Master'!B194,m3
E165,='Material Rates_Master'!D194,252
F165,=E165*D165,0
B166,='Material Rates_Master'!A195,N25 20mm 80 Slump Concrete
C166,='Material Rates_Master'!B195,m3
E166,='Material Rates_Master'!D195,263
F166,=E166*D166,0
B168,,"Valve Margin strips; Concrete slab, 1 directions sign, 3 x valve No sign."
C168,,ea
E168,,380
F168,=E168*D168,0
B171,,FIRE SERVICES - INGROUND
B173,,200 HDPE PN16 SDR11 - REDLINE
C173,='Material Rates_Master'!B5,m
E173,='Material Rates_Master'!D5*$M$16,46.81075
F173,=E173*D173,0
B174,,180 HDPE PN16 SDR11 - REDLINE
C174,='Material Rates_Master'!B6,m
E174,='Material Rates_Master'!D6*$M$16,35.144
F174,=E174*D174,0
B175,,125 HDPE PN16 SDR11 - REDLINE
C175,='Material Rates_Master'!B7,m
E175,='Material Rates_Master'!D7*$M$16,16.99355
F175,=E175*D175,0
B176,,75 HDPE PN16 SDR11 - REDLINE
C176,,m
E176,,12.31
F176,=E176*D176,0
B177,,32 HDPE PN16 SDR11 - BLUELINE
C177,='Material Rates_Master'!B8,m
E177,='Material Rates_Master'!D8*$M$16,1.6779419999999998
F177,=E177*D177,0
E180,='Material Rates_Master'!D9*$M$16,0
B181,,200 EF Coupler
C181,='Material Rates_Master'!B10,ea
E181,='Material Rates_Master'!D10*$M$16,60.8028
F181,=E181*D181,0
B182,,180 EF Coupler
C182,='Material Rates_Master'!B11,ea
E182,='Material Rates_Master'!D11*$M$16,35.493599999999994
F182,=E182*D182,0
B183,,125 EF Coupler
C183,='Material Rates_Master'!B12,ea
E183,='Material Rates_Master'!D12*$M$16,19.471799999999998
F183,=E183*D183,0
B184,,200 EF 45DFeg Bend
C184,='Material Rates_Master'!B13,ea
E184,='Material Rates_Master'!D13*$M$16,150.64079999999998
F184,=E184*D184,0
B185,,180 EF 45DFeg Bend
C185,='Material Rates_Master'!B14,ea
E185,='Material Rates_Master'!D14*$M$16,135.1986
F185,=E185*D185,0
B186,,125 EF 45DFeg Bend
C186,='Material Rates_Master'!B15,ea
E186,='Material Rates_Master'!D15*$M$16,61.67219999999999
F186,=E186*D186,0
B187,,200 EF 90DFeg Bend
C187,='Material Rates_Master'!B16,ea
E187,='Material Rates_Master'!D16*$M$16,150.64079999999998
F187,=E187*D187,0
B188,,180 EF 90DFeg Bend
C188,='Material Rates_Master'!B17,ea
E188,='Material Rates_Master'!D17*$M$16,134.9778
F188,=E188*D188,0
B189,,125 EF 90DFeg Bend
C189,='Material Rates_Master'!B18,ea
E189,='Material Rates_Master'!D18*$M$16,61.61699999999999
F189,=E189*D189,0
B190,,200 EF TEE
C190,='Material Rates_Master'!B19,ea
E190,='Material Rates_Master'!D19*$M$16,151.45499999999998
F190,=E190*D190,0
B191,,180 EF TEE
C191,='Material Rates_Master'!B20,ea
E191,='Material Rates_Master'!D20*$M$16,157.7064
F191,=E191*D191,0
B192,,125 EF TEE
C192,='Material Rates_Master'!B21,ea
E192,='Material Rates_Master'!D21*$M$16,67.96499999999999
F192,=E192*D192,0
B193,,200*180 EF TEE
C193,='Material Rates_Master'!B22,ea
E193,='Material Rates_Master'!D22*$M$16,289.0686
F193,=E193*D193,0
B194,,200*125 EF TEE
C194,='Material Rates_Master'!B23,ea
E194,='Material Rates_Master'!D23*$M$16,301.4196
F194,=E194*D194,0
B195,,180*125 EF TEE
C195,='Material Rates_Master'!B24,ea
E195,='Material Rates_Master'!D24*$M$16,168.53939999999997
F195,=E195*D195,0
B196,,200*180 EF Reducer
C196,='Material Rates_Master'!B25,ea
E196,='Material Rates_Master'!D25*$M$16,173.35559999999998
F196,=E196*D196,0
B197,,180*125 EF Reducer
C197,='Material Rates_Master'!B26,ea
E197,='Material Rates_Master'!D26*$M$16,82.938
F197,=E197*D197,0
B198,,180*32 EF Reducer
C198,='Material Rates_Master'!B27,ea
E198,,65
F198,=E198*D198,0
B199,,"200PE*8""(200m) - MaxiStub W/Backing Ring"
C199,='Material Rates_Master'!B27,ea
E199,='Material Rates_Master'!D27*$M$16,472.443
F199,=E199*D199,0
B200,,"180PE*6""(150mm) - MaxiStub W/Backing Ring"
C200,='Material Rates_Master'!B28,ea
E200,='Material Rates_Master'!D28*$M$16,179.0826
F200,=E200*D200,0
B201,,"125PE*4"" (100mm) - MaxiStub W/Backing Ring"
C201,='Material Rates_Master'!B29,ea
E201,='Material Rates_Master'!D29*$M$16,127.88459999999999
F201,=E201*D201,0
B202,,180mm PE x 150mm GALV ADAPTER - PLASSON Brand 
C202,='Material Rates_Master'!B30,ea
E202,='Material Rates_Master'!D30*$M$16,432.20219999999995
F202,=E202*D202,0
B203,,125mm PE x 100mm GALV ADAPTER - PLASSON Brand 
C203,='Material Rates_Master'!B31,ea
E203,='Material Rates_Master'!D31*$M$16,281.6718
F203,=E203*D203,0
C204,='Material Rates_Master'!B32,0
E204,='Material Rates_Master'!D32*$M$16,0
F204,=E204*D204,0
B205,,180mm PE x 150mm GALV ADAPTER
C205,='Material Rates_Master'!B33,ea
E205,='Material Rates_Master'!D33*$M$16,435.67979999999994
F205,=E205*D205,0
B206,,125mm PE x 100mm GALV ADAPTER
C206,='Material Rates_Master'!B34,ea
E206,='Material Rates_Master'!D34*$M$16,277.97339999999997
F206,=E206*D206,0
B207,,200 Long SPIG 45DFeg Bend
C207,='Material Rates_Master'!B35,ea
E207,='Material Rates_Master'!D35*$M$16,94.5852
F207,=E207*D207,0
B208,,180 Long SPIG 45DFeg Bend
C208,='Material Rates_Master'!B36,ea
E208,='Material Rates_Master'!D36*$M$16,88.95479999999998
F208,=E208*D208,0
B209,,125 Long SPIG 45DFeg Bend
C209,='Material Rates_Master'!B37,ea
E209,='Material Rates_Master'!D37*$M$16,53.48879999999999
F209,=E209*D209,0
B210,,200 Long SPIG 90DFeg Bend
C210,='Material Rates_Master'!B38,ea
E210,='Material Rates_Master'!D38*$M$16,118.9146
F210,=E210*D210,0
B211,,180 Long SPIG 90DFeg Bend
C211,='Material Rates_Master'!B39,ea
E211,='Material Rates_Master'!D39*$M$16,93.9918
F211,=E211*D211,0
B212,,125 Long SPIG 90DFeg Bend
C212,='Material Rates_Master'!B40,ea
E212,='Material Rates_Master'!D40*$M$16,43.67699999999999
F212,=E212*D212,0
B213,,200 Long SPIG TEE
C213,='Material Rates_Master'!B41,ea
E213,='Material Rates_Master'!D41*$M$16,176.14319999999998
F213,=E213*D213,0
B214,,180 Long SPIG TEE
C214,='Material Rates_Master'!B42,ea
E214,='Material Rates_Master'!D42*$M$16,157.62359999999998
F214,=E214*D214,0
B215,,125 Long SPIG TEE
C215,='Material Rates_Master'!B43,ea
E215,='Material Rates_Master'!D43*$M$16,52.79879999999999
F215,=E215*D215,0
B216,,200*180 Long SPIG TEE
C216,='Material Rates_Master'!B44,ea
E216,='Material Rates_Master'!D44*$M$16,253.20239999999995
F216,=E216*D216,0
B217,,200*125 Long SPIG TEE
C217,='Material Rates_Master'!B45,ea
E217,='Material Rates_Master'!D45*$M$16,265.5534
F217,=E217*D217,0
B218,,180*125 Long SPIG TEE
C218,='Material Rates_Master'!B46,ea
E218,='Material Rates_Master'!D46*$M$16,256.27979999999997
F218,=E218*D218,0
B219,,200*180 Long SPIG Reducer
C219,='Material Rates_Master'!B47,ea
E219,='Material Rates_Master'!D47*$M$16,77.0592
F219,=E219*D219,0
B220,,180*125 Long SPIG Reducer
C220,='Material Rates_Master'!B48,ea
E220,='Material Rates_Master'!D48*$M$16,54.965399999999995
F220,=E220*D220,0
B221,,75PE 50 CU TRANSITION
C221,,ea
E221,,45
F221,=E221*D221,0
B222,,32 PE 25 CU TRANSITION 
C222,,ea
E222,,35
F222,=E222*D222,0
C223,='Material Rates_Master'!B49,0
E223,='Material Rates_Master'!D49,0
F223,=E223*D223,0
B224,,200 FL DICL Sluice Valve
C224,='Material Rates_Master'!B50,ea
E224,='Material Rates_Master'!D50,679.41
F224,=E224*D224,0
B225,,150 FL DICL Sluice Valve
C225,='Material Rates_Master'!B51,ea
E225,='Material Rates_Master'!D51,323.53
F225,=E225*D225,0
B226,,100 FL DICL Sluice Valve
C226,='Material Rates_Master'!B52,ea
E226,='Material Rates_Master'!D52,202.94
F226,=E226*D226,0
B227,,Valve Spindle Riser - 600Long
C227,='Material Rates_Master'!B53,ea
E227,='Material Rates_Master'!D53,136.94
F227,=E227*D227,0
B228,,"Valve Box - Cast Iron Trafficable - Rectangle Type ""V"""
C228,='Material Rates_Master'!B54,ea
E228,='Material Rates_Master'!D54,123.53
F228,=E228*D228,0
B229,,"Valve Box - Non-Trafficable - Plastic Surround with CI Drop In ""V"""
C229,='Material Rates_Master'!B55,ea
E229,='Material Rates_Master'!D55,98.82
F229,=E229*D229,0
C230,='Material Rates_Master'!B56,0
E230,='Material Rates_Master'!D56,0
F230,=E230*D230,0
B231,,200*150mm DICL FL Reducer
C231,='Material Rates_Master'!B57,ea
E231,='Material Rates_Master'!D57,291.18
F231,=E231*D231,0
B232,,200*100mm DICL FL Reducer
C232,='Material Rates_Master'!B58,ea
E232,='Material Rates_Master'!D58,330
F232,=E232*D232,0
B233,,150*100mm DICL FL Reducer
C233,='Material Rates_Master'!B59,ea
E233,='Material Rates_Master'!D59,156
F233,=E233*D233,0
B234,,150mm DICL FL * SP Adapter
C234,='Material Rates_Master'!B60,ea
E234,='Material Rates_Master'!D60,106.24
F234,=E234*D234,0
B235,,100mm DICL FL * SP Adapter
C235,='Material Rates_Master'!B61,ea
E235,='Material Rates_Master'!D61,70.59
F235,=E235*D235,0
B236,,200mm DICL FL 90Deg Bend
C236,='Material Rates_Master'!B62,ea
E236,='Material Rates_Master'!D62,516.35
F236,=E236*D236,0
B237,,150mm DICL FL 90Deg Bend
C237,='Material Rates_Master'!B63,ea
E237,='Material Rates_Master'!D63,198.88
F237,=E237*D237,0
B238,,100mm DICL FL 90Deg Bend
C238,='Material Rates_Master'!B64,ea
E238,='Material Rates_Master'!D64,108.71
F238,=E238*D238,0
B239,,200mm DICL FL TEE
C239,='Material Rates_Master'!B65,ea
E239,='Material Rates_Master'!D65,672.65
F239,=E239*D239,0
B240,,150mm DICL FL TEE
C240,='Material Rates_Master'!B66,ea
E240,='Material Rates_Master'!D66,228.24
F240,=E240*D240,0
B241,,100mm DICL FL TEE
C241,='Material Rates_Master'!B67,ea
E241,='Material Rates_Master'!D67,128.24
F241,=E241*D241,0
B242,,200*150*200 DICL FL TEE
C242,='Material Rates_Master'!B68,ea
E242,='Material Rates_Master'!D68,536.76
F242,=E242*D242,0
B243,,200*100*200 DICL FL TEE
C243,='Material Rates_Master'!B69,ea
E243,='Material Rates_Master'!D69,576.47
F243,=E243*D243,0
B244,,150-100-150 DICL FL TEE
C244,='Material Rates_Master'!B70,ea
E244,='Material Rates_Master'!D70,198.82
F244,=E244*D244,0
B245,,200mm DICL FL Pipe @ 1000
C245,='Material Rates_Master'!B71,ea
E245,='Material Rates_Master'!D71,898.82
F245,=E245*D245,0
B246,,200mm DICL FL Pipe @ 600
C246,='Material Rates_Master'!B72,ea
E246,='Material Rates_Master'!D72,640
F246,=E246*D246,0
B247,,200mm DICL FL Pipe @ 300
C247,='Material Rates_Master'!B73,ea
E247,='Material Rates_Master'!D73,355.29
F247,=E247*D247,0
B248,,150mm DICL FL Pipe @ 1000
C248,='Material Rates_Master'!B74,ea
E248,='Material Rates_Master'!D74,534.41
F248,=E248*D248,0
B249,,150mm DICL FL Pipe @ 600
C249,='Material Rates_Master'!B75,ea
E249,='Material Rates_Master'!D75,280
F249,=E249*D249,0
B250,,150mm DICL FL Pipe @ 450
C250,='Material Rates_Master'!B76,ea
E250,='Material Rates_Master'!D76,236.47
F250,=E250*D250,0
B251,,150mm DICL FL Pipe @ 300
C251,='Material Rates_Master'!B77,ea
E251,='Material Rates_Master'!D77,178.8
F251,=E251*D251,0
B252,,100mm DICL FL Pipe @ 1000
C252,='Material Rates_Master'!B78,ea
E252,='Material Rates_Master'!D78,362.35
F252,=E252*D252,0
B253,,100mm DICL FL Pipe @ 600
C253,='Material Rates_Master'!B79,ea
E253,='Material Rates_Master'!D79,144.71
F253,=E253*D253,0
B254,,100mm DICL FL Pipe @ 450
C254,='Material Rates_Master'!B80,ea
E254,='Material Rates_Master'!D80,135.88
F254,=E254*D254,0
B255,,100mm DICL FL Pipe @ 300
C255,='Material Rates_Master'!B81,ea
E255,='Material Rates_Master'!D81,76.47
F255,=E255*D255,0
B256,,150mm DICL FL Deadplate
C256,='Material Rates_Master'!B82,ea
E256,='Material Rates_Master'!D82,67.65
F256,=E256*D256,0
B257,,100mm DICL FL Deadplate 
C257,='Material Rates_Master'!B83,ea
E257,='Material Rates_Master'!D83,43.53
F257,=E257*D257,0
C258,='Material Rates_Master'!B84,0
E258,='Material Rates_Master'!D84,0
F258,=E258*D258,0
B259,,200mm PE*DI Gasket Kit Complete
C259,='Material Rates_Master'!B85,ea
E259,='Material Rates_Master'!D85,67.06
F259,=E259*D259,0
B260,,200mm DI*DI Gasket Kit Complete
C260,='Material Rates_Master'!B86,ea
E260,='Material Rates_Master'!D86,46.71
F260,=E260*D260,0
B261,,150mm PE*DI Gasket Kit Complete
C261,='Material Rates_Master'!B87,ea
E261,='Material Rates_Master'!D87,60
F261,=E261*D261,0
B262,,150mm DI*DI Gasket Kit Complete
C262,='Material Rates_Master'!B88,ea
E262,='Material Rates_Master'!D88,42.35
F262,=E262*D262,0
B263,,100mm PE*DI Gasket Kit Complete
C263,='Material Rates_Master'!B89,ea
E263,='Material Rates_Master'!D89,24.71
F263,=E263*D263,0
B264,,100mm DI*DI Gasket Kit Complete
C264,='Material Rates_Master'!B90,ea
E264,='Material Rates_Master'!D90,20
F264,=E264*D264,0
C265,='Material Rates_Master'!B91,0
E265,='Material Rates_Master'!D91,0
F265,=E265*D265,0
B266,,150mm SS Gibault Adapter Coupling
C266,='Material Rates_Master'!B92,ea
E266,='Material Rates_Master'!D92,108.71
F266,=E266*D266,0
B267,,100mm SS Gibault Adapter Coupling
C267,='Material Rates_Master'!B93,ea
E267,='Material Rates_Master'!D93,87.06
F267,=E267*D267,0
B268,,180mm PE GRIPPER Adapter Coupling
C268,='Material Rates_Master'!B94,ea
E268,='Material Rates_Master'!D94,305.88
F268,=E268*D268,0
B269,,125mm PE GRIPPER Adapter Coupling
C269,='Material Rates_Master'!B95,ea
E269,='Material Rates_Master'!D95,182.35
F269,=E269*D269,0
B270,,180mm PE GRIPPER * 150FL Adapter Coupling
C270,='Material Rates_Master'!B96,ea
E270,='Material Rates_Master'!D96,229.41
F270,=E270*D270,0
B271,,125mm PE GRIPPER * 100FL Adapter Coupling
C271,='Material Rates_Master'!B97,ea
E271,='Material Rates_Master'!D97,152.94
F271,=E271*D271,0
B272,,180mm PE GRIPPER Sluice Valve
C272,='Material Rates_Master'!B98,ea
E272,='Material Rates_Master'!D98,690
F272,=E272*D272,0
B273,,125mm PE GRIPPER Sluice Valve
C273,='Material Rates_Master'!B99,ea
E273,='Material Rates_Master'!D99,408.47
F273,=E273*D273,0
C274,='Material Rates_Master'!B100,0
E274,='Material Rates_Master'!D100,0
F274,=E274*D274,0
B275,,Detectable Tape - Fire x 250m
C275,='Material Rates_Master'!B101,ea
E275,='Material Rates_Master'!D101,90
F275,=E275*D275,0
B276,,Alcohol Weld Wipes
C276,='Material Rates_Master'!B102,ea
E276,='Material Rates_Master'!D102,13.5
F276,=E276*D276,0
B277,,Denzo Tape 100mm roll
C277,='Material Rates_Master'!B103,ea
E277,='Material Rates_Master'!D103,27.14
F277,=E277*D277,0
B278,,Black over-wrap tape - roll
C278,='Material Rates_Master'!B104,ea
E278,='Material Rates_Master'!D104,27.14
F278,=E278*D278,0
F279,=E279*D279,0
B280,,FIRE SERVICES - ABOVE GROUND
F280,=E280*D280,0
B281,,Description
C281,='Material Rates_Master'!B107,Unit
B282,,150mm MED DUTY Galv Pipe
C282,='Material Rates_Master'!B108,m
E282,='Material Rates_Master'!D108,43.84615384615385
F282,=E282*D282,0
B283,,100mm MED DUTY Galv Pipe w/RG Ends
C283,='Material Rates_Master'!B109,m
E283,='Material Rates_Master'!D109,28.46153846153846
F283,=E283*D283,0
B284,,100mm Class B Copper Pipe
C284,='Material Rates_Master'!B110,m
E284,='Material Rates_Master'!D110,106.24166666666667
F284,=E284*D284,0
B285,,25mm Class B Copper Pipe
C285,='Material Rates_Master'!B111,m
E285,='Material Rates_Master'!D111,59.82
F285,=E285*D285,0
C286,='Material Rates_Master'!B112,0
E286,='Material Rates_Master'!D112,0
F286,=E286*D286,0
B287,,150mm Galv RG Coupling
C287,='Material Rates_Master'!B113,ea
E287,='Material Rates_Master'!D113,12.83
F287,=E287*D287,0
B288,,100mm Galv RG Coupling
C288,='Material Rates_Master'!B114,ea
E288,='Material Rates_Master'!D114,7.55
F288,=E288*D288,0
B289,,150mm Galv RG TEE
C289,='Material Rates_Master'!B115,ea
E289,='Material Rates_Master'!D115,35.5
F289,=E289*D289,0
B290,,100mm Galv RG TEE
C290,='Material Rates_Master'!B116,ea
E290,='Material Rates_Master'!D116,16.93
F290,=E290*D290,0
B291,,150mm Galv RG BEND 90Deg
C291,='Material Rates_Master'!B117,ea
E291,='Material Rates_Master'!D117,22.85
F291,=E291*D291,0
B292,,100mm Galv RG BEND 90Deg
C292,='Material Rates_Master'!B118,ea
E292,='Material Rates_Master'!D118,10.62
F292,=E292*D292,0
B293,,150mm Galv RG BEND 45Deg
C293,='Material Rates_Master'!B119,ea
E293,='Material Rates_Master'!D119,23.5
F293,=E293*D293,0
B294,,100mm Galv RG BEND 45Deg
C294,='Material Rates_Master'!B120,ea
E294,='Material Rates_Master'!D120,11.4
F294,=E294*D294,0
B295,,150mm Galv RG x 100mm FLANGE Adapt
C295,='Material Rates_Master'!B121,ea
E295,='Material Rates_Master'!D121,30.75
F295,=E295*D295,0
B296,,100mm Galv RG x 100mm FLANGE Adapt
C296,='Material Rates_Master'!B122,ea
E296,='Material Rates_Master'!D122,23.21
F296,=E296*D296,0
B297,,150mm RG Butterfly Valve Geared Wheel
C297,='Material Rates_Master'!B123,ea
E297,='Material Rates_Master'!D123,217.8
F297,=E297*D297,0
B298,,100mm RG Butterfly Valve Geared Wheel
C298,='Material Rates_Master'!B124,ea
E298,='Material Rates_Master'!D124,169.4
F298,=E298*D298,0
C299,='Material Rates_Master'!B125,0
E299,='Material Rates_Master'!D125,0
F299,=E299*D299,0
B300,,150mm H-Pattern Booster Assembly Complete
C300,='Material Rates_Master'!B126,ea
E300,='Material Rates_Master'!D126,2350
F300,=E300*D300,0
B301,,Booster Cabinet - Compl with doors and stickers
C301,='Material Rates_Master'!B127,ea
E301,='Material Rates_Master'!D127,1155
F301,=E301*D301,0
C302,='Material Rates_Master'!B128,0
E302,='Material Rates_Master'!D128,0
F302,=E302*D302,0
B303,,100mm Dual Pillar Hydrant Complete_ Flanged Base 1500 High w/landing Valves
C303,='Material Rates_Master'!B129,ea
E303,='Material Rates_Master'!D129,365
F303,=E303*D303,0
B304,,100mm Dual Pillar Hydrant Complete_ RG Base 1500 High w/landing Valves_OPTION
C304,='Material Rates_Master'!B130,ea
E304,='Material Rates_Master'!D130,365
F304,=E304*D304,0
B305,,65mm RG Landing Valve 
C305,='Material Rates_Master'!B131,ea
E305,='Material Rates_Master'!D131,90
F305,=E305*D305,0
B306,,Red caps and chain - suit 65mm QLD Landing valve
C306,='Material Rates_Master'!B132,ea
E306,='Material Rates_Master'!D132,5
F306,=E306*D306,0
B307,,36m Fire Hose Reel w/25mm isolation valve
C307,='Material Rates_Master'!B133,ea
D307,,1
E307,='Material Rates_Master'!D133,125
F307,=E307*D307,125
B308,,"25mm Isolation Ball Valve (for fire hose reel) valve only, with hose nozzle latch"
C308,='Material Rates_Master'!B134,ea
E308,='Material Rates_Master'!D134,39
F308,=E308*D308,0
C309,='Material Rates_Master'!B135,0
E309,='Material Rates_Master'!D135,0
F309,=E309*D309,0
B310,,150mm FL Testable Double Check Valve - Compl. w/Valves
C310,='Material Rates_Master'!B136,ea
E310,='Material Rates_Master'!D136,3100.7
F310,=E310*D310,0
B311,,150mm FL RPZD Valve - Compl. w/Valves
C311,='Material Rates_Master'!B137,ea
E311,='Material Rates_Master'!D137,4237.09
F311,=E311*D311,0
C312,='Material Rates_Master'!B138,0
E312,='Material Rates_Master'!D138,0
F312,=E312*D312,0
B313,,100mm FL Levered Butterfly Vlave
C313,='Material Rates_Master'!B139,ea
E313,='Material Rates_Master'!D139,114.44
F313,=E313*D313,0
B314,,100mm Copper Crimp - TEE
C314,='Material Rates_Master'!B140,ea
E314,='Material Rates_Master'!D140,219.36
F314,=E314*D314,0
B315,,100mm Copper Crimp - 90Deg Bend
C315,='Material Rates_Master'!B141,ea
E315,='Material Rates_Master'!D141,135.09
F315,=E315*D315,0
B316,,100mm Copper Crimp - 45Deg Bend
C316,='Material Rates_Master'!B142,ea
E316,='Material Rates_Master'!D142,125.77
F316,=E316*D316,0
B317,,100mm Copper Crimp - Straight Socket
C317,='Material Rates_Master'!B143,ea
E317,='Material Rates_Master'!D143,83.25
F317,=E317*D317,0
B318,,100mm Copper Crimp - 100mm FL Adapter
C318,='Material Rates_Master'!B144,ea
E318,='Material Rates_Master'!D144,52.25
F318,=E318*D318,0
B319,,80mm Copper Crimp - TEE
C319,='Material Rates_Master'!B145,ea
E319,='Material Rates_Master'!D145,175.66
F319,=E319*D319,0
B320,,100mm*80mm Copper Crimp - REDUCER
C320,='Material Rates_Master'!B146,ea
E320,='Material Rates_Master'!D146,164.08
F320,=E320*D320,0
C321,='Material Rates_Master'!B147,0
E321,='Material Rates_Master'!D147,0
F321,=E321*D321,0
B322,,50mm Cu Tube Type B 
C322,,m
E322,=278.5/6,46.416666666666664
F322,=E322*D322,0
B323,,Elbow 90 Deg 50mm Water Kembla Kempress
C323,,ea
E323,,45.02
F323,=E323*D323,0
B324,,Equal Tee 50mm Water Kembla Kempress
C324,,ea
E324,,56.35
F324,=E324*D324,0
B325,,Reducer 50mm 25mm Water CU 
C325,,ea
E325,,34.92
F325,=E325*D325,0
B326,,32mm Fi Lockable Ball Valve
C326,='Material Rates_Master'!B148,ea
E326,='Material Rates_Master'!D148,77.95
F326,=E326*D326,0
B327,,32mm Cu Crimp * 32mi Adapt
C327,='Material Rates_Master'!B149,ea
E327,='Material Rates_Master'!D149,17.16
F327,=E327*D327,0
B328,,32mm Cu Crimp Coupling Straight
C328,='Material Rates_Master'!B150,ea
E328,='Material Rates_Master'!D150,7.23
F328,=E328*D328,0
B329,,32mm Cu Crimp 90Deg Bend
C329,='Material Rates_Master'!B151,ea
E329,='Material Rates_Master'!D151,14.31
F329,=E329*D329,0
B330,,32mm Cu Crimp 45Deg Bend
C330,='Material Rates_Master'!B152,ea
E330,='Material Rates_Master'!D152,16.24
F330,=E330*D330,0
B331,,25mm Cu Tube Type B 
C331,,ea
E331,=128.5/6,21.416666666666668
F331,=E331*D331,0
B332,,32mm*25mm Cu Crimp Reducer
C332,='Material Rates_Master'!B153,ea
E332,='Material Rates_Master'!D153,14.36
F332,=E332*D332,0
B333,,25mm Fi Lockable Ball Valve
C333,='Material Rates_Master'!B154,ea
E333,='Material Rates_Master'!D154,46.94
F333,=E333*D333,0
B334,,25mm Cu Crimp * 25mi Adapt
C334,='Material Rates_Master'!B155,ea
E334,='Material Rates_Master'!D155,8.46
F334,=E334*D334,0
B335,,25mm Cu Crimp Coupling Straight
C335,='Material Rates_Master'!B156,ea
E335,='Material Rates_Master'!D156,5.74
F335,=E335*D335,0
B336,,25mm Cu Crimp 90Deg Bend
C336,='Material Rates_Master'!B157,ea
E336,='Material Rates_Master'!D157,7.7
F336,=E336*D336,0
B337,,25mm Cu Crimp 45Deg Bend
C337,='Material Rates_Master'!B158,ea
E337,='Material Rates_Master'!D158,10.19
F337,=E337*D337,0
C338,='Material Rates_Master'!B159,0
E338,='Material Rates_Master'!D159,0
F338,=E338*D338,0
B339,,150mm Galv 2 Piece Weld-nut Bracket M12
C339,='Material Rates_Master'!B160,ea
E339,='Material Rates_Master'!D160,5.86
F339,=E339*D339,0
B340,,100mm Galv 2 Piece Weld-nut Bracket M12
C340,='Material Rates_Master'!B161,ea
E340,='Material Rates_Master'!D161,4.41
F340,=E340*D340,0
B341,,150 Galv 2 Piece Channel Clip
C341,='Material Rates_Master'!B162,ea
E341,='Material Rates_Master'!D162,5.36
F341,=E341*D341,0
B342,,100 Galv 2 Piece Channel Clip
C342,='Material Rates_Master'!B163,ea
E342,='Material Rates_Master'!D163,4.4
F342,=E342*D342,0
B343,,12mm Galv Threaded Rod
C343,='Material Rates_Master'!B164,ea
E343,='Material Rates_Master'!D164,10.64
F343,=E343*D343,0
B344,,Galv Braced Counter Lever Bracket - 450Long
C344,='Material Rates_Master'!B165,ea
E344,='Material Rates_Master'!D165,20
F344,=E344*D344,0
B345,,003 Padlock
C345,='Material Rates_Master'!B166,ea
E345,='Material Rates_Master'!D166,19.5
F345,=E345*D345,0
B346,,100mm DI*DI Gasket Kit Complete
C346,='Material Rates_Master'!B167,ea
E346,='Material Rates_Master'!D167,20
F346,=E346*D346,0
B348,,FIRE SERVICES - Misc. 
B349,,Description
B350,,Decommisioning Material
C350,='Material Rates_Master'!B171,ea
E350,,1388
F350,=E350*D350,0
B351,,Electrofusion PE Welder 25-250mmPE. Please detail Spec
C351,='Material Rates_Master'!B172,ea
E351,='Material Rates_Master'!D172,0
F351,=E351*D351,0
B352,,PE Butt Welder. Automatic. 125-250mmPE. Please detail Spec - HIRE
C352,,WEEK
E352,,450
F352,=E352*D352,0
B353,,Hand Roll Groover. 65-150mm.
C353,='Material Rates_Master'!B174,ea
E353,='Material Rates_Master'!D174,0
F353,=E353*D353,0
B354,,Delivery - To Rockhampton PIPE LENGTHS as quoted
C354,='Material Rates_Master'!B175,ea
E354,='Material Rates_Master'!D175,2178.48
F354,=E354*D354,0
B355,,Delivery - To Rockhampton Standard/Palletised items
C355,='Material Rates_Master'!B176,ea
E355,='Material Rates_Master'!D176,2178.48
F355,=E355*D355,0
B357,,POTABLE WATER_MAINS & R'Ins
B358,,Description
B360,,125 HDPE PN16 SDR11 - BLUELINE
C360,,m
E360,,34.5
F360,=E360*D360,0
B361,,90 HDPE PN16 SDR11 - BLUELINE
C361,,m
E361,,20
F361,=E361*D361,0
B362,,75 HDPE PE100 PN 16 -Blueline 
C362,,m
E362,,12.31
F362,=E362*D362,0
B363,,63 HDPE PE100 PN 16 -Blueline 
C363,,m
E363,,9.66
F363,=E363*D363,0
B364,,63 HDPE PN12.5 SDR11 - BLUELINE
C364,,m
E364,,4.63
F364,=E364*D364,0
B365,,50 HDPE PE100 PN 16 - BLUELINE
C365,,m
E365,,5.4
F365,=E365*D365,0
B366,,40 HDPE PE100 PN16 Blue Line 
C366,,m
D366,,28
E366,,4.4
F366,=E366*D366,123.20000000000002
B367,,40 HDPE PN12.5 SDR11 - BLUELINE
C367,,m
E367,=354.31/150,2.3620666666666668
F367,=E367*D367,0
B368,,32 HDPE PE100 PN 16 -Blueline 
C368,,m
D368,,22
E368,,2.1
F368,=E368*D368,46.2
B369,,25 HDPE PE100 PN16 - BLUELINE 
C369,,m
D369,,16
E369,,1.22
F369,=E369*D369,19.52
B370,,25 HDPE PN12.5 SDR11 - BLUELINE
C370,,m
E370,,2.43
F370,=E370*D370,0
B371,,EF COUPLER                 125MM (EA)
C371,,m
E371,,22
F371,=E371*D371,0
B372,,TEE EQUAL PE100 E/F 125MM
C372,,ea
E372,,57.75
F372,=E372*D372,0
B373,,TEE PE100 E/F 125*63MM
C373,,ea
E373,,139
F373,=E373*D373,0
B374,,EF REDUCER      125 X 90MM
C374,,ea
E374,,104.15
F374,=E374*D374,0
B375,,EF REDUCER      125 X 63MM
C375,,ea
E375,,26.1
F375,=E375*D375,0
B376,,EF REDUCER      75 X 63MM
C376,,ea
E376,,37.5
F376,=E376*D376,0
B377,,EF REDUCER      63 X 50MM
C377,,ea
E377,,35.93
F377,=E377*D377,0
B378,,EF REDUCER      50 X 40MM
C378,,ea
E378,,35
F378,=E378*D378,0
B379,,EF REDUCER      40 X 32MM
C379,,ea
E379,,35
F379,=E379*D379,0
B380,,EF REDUCER      40 X 25MM
C380,,ea
E380,,35
F380,=E380*D380,0
B381,,EF REDUCER      32 X 25MM
C381,,ea
E381,,20
F381,=E381*D381,0
B382,,ELBOW PE100 E/F 125MM X 45D
C382,,ea
E382,,50
F382,=E382*D382,0
B383,,ELBOW PE100 E/F 125MM X 90D
C383,,ea
E383,,54
F383,=E383*D383,0
B384,,HDPE 75mm X 90 D ELBOW 
C384,,ea
E384,,15.55
F384,=E384*D384,0
B385,,HDPE 63MM X 90 D ELBOW 
C385,,ea
E385,,15
F385,=E385*D385,0
B386,,HDPE 50MM X 90 D ELBOW 
C386,,ea
E386,,10.87
F386,=E386*D386,0
B387,,HDPE 40MM X 90 D ELBOW 
C387,,ea
D387,,3
E387,,55
F387,=E387*D387,165
B388,,Reducing Tee 125mm x 90mm
C388,,ea
E388,,55
F388,=E388*D388,0
B389,,Reducing Tee 125mm x 32mm
C389,,ea
E389,,35
F389,=E389*D389,0
B390,,Reducing Tee 75mm x 63mm
C390,,ea
E390,,35
F390,=E390*D390,0
B391,,Reducing Tee 75mm x 50mm
C391,,ea
E391,,35
F391,=E391*D391,0
B392,,Reducing Tee 75mm x 32mm
C392,,ea
E392,,35
F392,=E392*D392,0
B393,,Reducing Tee 63mm x 32mm
C393,,ea
E393,,35
F393,=E393*D393,0
B394,,Reducing Tee 50mm x 40mm
C394,,ea
E394,,35
F394,=E394*D394,0
B395,,Reducing Tee 40mm x 25mm
C395,,ea
E395,,35
F395,=E395*D395,0
B396,,Reducing Tee 32mm x 25mm
C396,,ea
E396,,26
F396,=E396*D396,0
B397,,EF Reducer 50mm x 25mm
C397,,ea
E397,,35
F397,=E397*D397,0
B398,,50mm Tee
C398,,ea
E398,,10.87
F398,=E398*D398,0
B399,,40mm Tee
C399,,ea
E399,,35
F399,=E399*D399,0
B400,,32mm Tee 
C400,,ea
E400,,20
F400,=E400*D400,0
B401,,HDPE 32mm X 90 D ELBOW 
C401,,ea
D401,,4
E401,,20
F401,=E401*D401,80
B402,,HDPE 25mm X 90 D ELBOW 
C402,,ea
D402,,5
E402,,18
F402,=E402*D402,90
B403,,HDPE 25mm X 45 D ELBOW 
C403,,ea
F403,=E403*D403,0
B404,,25mm Tee
C404,,ea
F404,=E404*D404,0
B405,,"PE MAXI STUB FLANGE W/SS BK RING 125X 4"" (EA)"
C405,,ea
E405,,35
F405,=E405*D405,0
B406,,SLUICE VALVE PN16 T/D ACC FLNGD 100MM
C406,,ea
E406,,102.5
F406,=E406*D406,0
B407,,Valve Box - Cast Iron - Rectangle - Large - HD
C407,,ea
E407,,235
F407,=E407*D407,0
B408,,SADDLE TAPPING EF 125PE X 25PE
C408,,ea
E408,,100
F408,=E408*D408,0
B409,,SADDLE TAPPING EF 125PE X 32PE
C409,,ea
E409,,47.41
F409,=E409*D409,0
B410,,SADDLE TAPPING EF 125PE X 63PE
C410,,ea
E410,,41.69
F410,=E410*D410,0
B411,,90mm PE X 80mm Copper Transition 
C411,,ea
E411,,200
F411,=E411*D411,0
B412,,Detectable WATER Marker Tape - 250m
C412,,ea
E412,,85.55
F412,=E412*D412,0
B413,,WIPES WELDING PLASSON XL (120 PK)
C413,,ea
E413,,70
F413,=E413*D413,0
B414,,Paint Pen - WHITE
C414,,ea
E414,,19
F414,=E414*D414,0
E415,,16
F415,=E415*D415,0
B416,,100 Cu Above Grnd 
C416,,m
F416,=E416*D416,0
B417,,80 CU Above Grnd 
C417,,m
E417,=535.6/6,89.26666666666667
F417,=E417*D417,0
B418,,65 CU Above Grnd 
C418,,m
E418,=335.2/6,55.86666666666667
F418,=E418*D418,0
B419,,50 Cu Above Grnd
C419,,m
E419,=278.5/6,46.416666666666664
F419,=E419*D419,0
B420,,32 Cu Above Grnd
C420,,m
D420,,18
E420,,32
F420,=E420*D420,576
B421,,32mm x25mm reducing tee
C421,,ea
D421,,2
E421,=119.88/6,19.98
F421,=E421*D421,39.96
B422,,32mm x20mm reducing tee
C422,,ea
D422,,1
E422,,15
F422,=E422*D422,15
B423,,25 Cu Above Grnd
C423,,m
D423,,113
E423,=129/6,21.5
F423,=E423*D423,2429.5
B424,,B-PRESS WATER EQUAL TEE  32MM (EA)
C424,,ea
D424,,1
E424,,23.51
F424,=E424*D424,23.51
B425,,B-PRESS WATER EQUAL TEE  25MM (EA)
C425,,ea
D425,,15
E425,,7.17
F425,=E425*D425,107.55
B426,,20 Cu Above Grnd
C426,,m
D426,,20
E426,=82/6,13.666666666666666
F426,=E426*D426,273.3333333333333
B427,,B-PRESS WATER EQUAL TEE  20MM (EA)
C427,,ea
D427,,5
E427,=58.71/6,9.785
F427,=E427*D427,48.925
B428,,50mm Cu 10mm Nut Clip
C428,,ea
E428,,1.4
F428,=E428*D428,0
B429,,32mm Cu 10mm Nut Clip
C429,,ea
E429,,1.38
F429,=E429*D429,0
B430,,25mm Cu 10mm Nut Clip
C430,,ea
E430,,1.32
F430,=E430*D430,0
B431,,20mm Cu 10mm Nut Clip
C431,,ea
E431,,1.24
F431,=E431*D431,0
B432,,10mm Zinc Threaded Rod
C432,,m
E432,,5.1
F432,=E432*D432,0
F433,=E433*D433,0
B435,,Kembla copper  WATER ELBOW         90DEG X 80MM (EA)
C435,,ea
E435,,118.5
F435,=E435*D435,0
B436,,Kembla copper  WATER ELBOW         90DEG X 65MM (EA)
C436,,ea
E436,,79.8
F436,=E436*D436,0
B437,,Kembla copper  WATER ELBOW         90DEG X 50MM (EA)
C437,,ea
E437,,45.02
F437,=E437*D437,0
B438,,Kembla copper  WATER ELBOW         90DEG X 32MM (EA)
C438,,ea
D438,,3
E438,,17.37
F438,=E438*D438,52.11
B439,,Kembla copper  WATER ELBOW        90DEG X 25MM 
C439,,ea
D439,,35
E439,,7.7
F439,=E439*D439,269.5
B440,,Kembla copper  WATER ELBOW        90DEG X 20MM 
C440,,ea
D440,,16
E440,,4.58
F440,=E440*D440,73.28
F441,=E441*D441,0
B442,,40mm Poly to 32mm Copper B Press Adapter
C442,,ea
D442,,1
E442,,35
F442,=E442*D442,35
B443,,32mm Poly to 32mm Copper B Press Adapter
C443,,ea
D443,,2
E443,,25
F443,=E443*D443,50
A444,,HIDDEN
F444,=E444*D444,0
B445,,63mm E/F PE 90 Deg Elb
F445,=E445*D445,0
B446,,63mm E/F PE 45 Deg Elb
C446,,ea
E446,,13.5
F446,=E446*D446,0
B447,,63mm E/F PE TEE
C447,,ea
E447,,13.5
F447,=E447*D447,0
B448,,63x40x63 E/F PE TEE
C448,,ea
E448,,9.5
F448,=E448*D448,0
B449,,63x32x63 E/F PE TEE
C449,,ea
E449,,18.5
F449,=E449*D449,0
B450,,63x25x63 E/F PE TEE
C450,,ea
E450,,18.5
F450,=E450*D450,0
B451,,63mm E/F PE Coupling
C451,,ea
E451,,6
F451,=E451*D451,0
B452,,63x40 E/F PE Reducer Coupling
C452,,ea
E452,,5.5
F452,=E452*D452,0
B453,,63x32 E/F PE Reducer Coupling
C453,,ea
E453,,17.5
F453,=E453*D453,0
B454,,63x25 E/F PE Reducer Coupling
C454,,ea
E454,,16.5
F454,=E454*D454,0
B455,,63PEx50Fi E/F PE Adapter
C455,,ea
E455,,2.5
F455,=E455*D455,0
B456,,63PEx50Mi E/F PE Adapter
C456,,ea
E456,,43.5
F456,=E456*D456,0
B457,,63PEx50Fi E/F PE Tramsiton Union
C457,,ea
E457,,43.5
F457,=E457*D457,0
B458,,63PEx50Mi E/F PE Transition Union
C458,,ea
E458,,45.5
F458,=E458*D458,0
B459,,40mm E/F PE 90 Deg Elb
C459,,ea
E459,,76
F459,=E459*D459,0
B460,,40mm E/F PE 45 Deg Elb
C460,,ea
E460,,11.5
F460,=E460*D460,0
B461,,40mm E/F PE TEE
C461,,ea
E461,,11.5
F461,=E461*D461,0
B462,,40x32x40 E/F PE TEE
C462,,ea
E462,,12
F462,=E462*D462,0
B463,,40x25x40 E/F PE TEE
C463,,ea
E463,,18.5
F463,=E463*D463,0
B464,,40mm E/F PE Coupling
C464,,ea
E464,,19.5
F464,=E464*D464,0
B465,,40x32 E/F PE Reducer Coupling
C465,,ea
E465,,4.5
F465,=E465*D465,0
B466,,40x25 E/F PE Reducer Coupling
C466,,ea
E466,,10.5
F466,=E466*D466,0
B467,,40PEx32Fi E/F PE Adapter
C467,,ea
E467,,14.5
F467,=E467*D467,0
B468,,40PEx32Mi E/F PE Adapter
C468,,ea
E468,,28.5
F468,=E468*D468,0
B469,,40PEx32Fi E/F PE Tramsiton Union
C469,,ea
E469,,29.5
F469,=E469*D469,0
B470,,40PEx32Mi E/F PE Transition Union
C470,,ea
E470,,36
F470,=E470*D470,0
B471,,32mm E/F PE 90 Deg Elb
C471,,ea
E471,,54
F471,=E471*D471,0
B472,,32mm E/F PE 45 Deg Elb
C472,,ea
E472,,10.5
F472,=E472*D472,0
B473,,32mm E/F PE TEE
C473,,ea
E473,,10
F473,=E473*D473,0
B474,,32x25x32 E/F PE TEE
C474,,ea
E474,,5.5
F474,=E474*D474,0
B475,,32mm E/F PE Coupling
C475,,ea
E475,,18
F475,=E475*D475,0
B476,,32x25 E/F PE Reducer Coupling
C476,,ea
E476,,4.5
F476,=E476*D476,0
B477,,32PEx25Fi E/F PE Adapter
C477,,ea
E477,,6.5
F477,=E477*D477,0
B478,,32PEx25Mi E/F PE Adapter
C478,,ea
E478,,25.5
F478,=E478*D478,0
B479,,32mm E/F PE End Cap
C479,,ea
E479,,22.5
F479,=E479*D479,0
B480,,32mm E/F PE End Plug
C480,,ea
E480,,8.5
F480,=E480*D480,0
B481,,25mm E/F PE 90 Deg Elb
C481,,ea
E481,,6.5
F481,=E481*D481,0
B482,,25mm E/F PE 45 Deg Elb
C482,,ea
E482,,10.5
F482,=E482*D482,0
B483,,25mm E/F PE TEE
C483,,ea
E483,,0
F483,=E483*D483,0
B484,,25mm E/F PE Coupling
C484,,ea
E484,,4.5
F484,=E484*D484,0
B485,,25PEx25Fi E/F PE Adapter
C485,,ea
E485,,4
F485,=E485*D485,0
B486,,25PEx25Mi E/F PE Adapter
C486,,ea
E486,,17
F486,=E486*D486,0
B487,,25PEx20Fi E/F PE Adapter
C487,,ea
E487,,17.5
F487,=E487*D487,0
B488,,25PEx20Mi E/F PE Adapter
C488,,ea
E488,,4.5
F488,=E488*D488,0
B489,,25mm E/F PE End Cap
C489,,ea
E489,,2
F489,=E489*D489,0
B490,,25mm E/F PE End Plug
C490,,ea
E490,,8.5
F490,=E490*D490,0
A491,,HIDDEN
C491,,ea
E491,,4
F491,=E491*D491,0
B492,,100mm CU Crimp 90 DEG FxF Elbow
F492,=E492*D492,0
B493,,100mm CU Crimp 45 DEG FxF Elbow
C493,,ea
E493,,137
F493,=E493*D493,0
B494,,100mm CU Crimp Tee
C494,,ea
E494,,139.5
F494,=E494*D494,0
B495,,100x50x100 CU Crimp Tee
C495,,ea
E495,,183
F495,=E495*D495,0
B496,,100x50 CU Crimp Reducer
C496,,ea
E496,,184.5
F496,=E496*D496,0
B497,,100mm CU Crimp Repair Coupling
C497,,ea
E497,,56
F497,=E497*D497,0
B498,,100mm CU Crimp Coupling
C498,,ea
E498,,103
F498,=E498*D498,0
B499,,100Cu x 100Flange CU Crimp Coupling
C499,,ea
E499,,95
F499,=E499*D499,0
B500,,80mm x 65mm Cu Reducer 
C500,,ea
E500,,100
F500,=E500*D500,0
B501,,65mm Cu Crimp Tee 
C501,,ea
E501,,130.1
F501,=E501*D501,0
B502,,65mmX 50 Cu WAT Crimp Reducer
C502,,ea
E502,,60
F502,=E502*D502,0
B503,,65mmX 32 Cu WAT Crimp Reducer
C503,,ea
E503,,55
F503,=E503*D503,0
B504,,65 mmX 20 Cu WAT Crimp Reducer
C504,,ea
E504,,50
F504,=E504*D504,0
B505,,50mm CU Crimp 90 DEG FxF Elbow
C505,,ea
E505,,99.5
F505,=E505*D505,0
B506,,50mm CU Crimp 45 DEG FxF Elbow
C506,,ea
E506,,33.5
F506,=E506*D506,0
B507,,50mm CU Crimp Tee
C507,,ea
E507,,56.35
F507,=E507*D507,0
B508,,50x40x50 CU Crimp Tee
C508,,ea
E508,,60.5
F508,=E508*D508,0
B509,,50x40x40 CU Crimp Tee
C509,,ea
E509,,61
F509,=E509*D509,0
B510,,50x32x50 CU Crimp Tee
C510,,ea
E510,,65
F510,=E510*D510,0
B511,,50x32x32 CU Crimp Tee
C511,,ea
E511,,65
F511,=E511*D511,0
B512,,50x32x40 CU Crimp Tee
C512,,ea
E512,,65
F512,=E512*D512,0
B513,,50x25x50 CU Crimp Tee
C513,,ea
E513,,65
F513,=E513*D513,0
B514,,50x20x50 CU Crimp Tee
C514,,ea
E514,,45
F514,=E514*D514,0
B515,,50x15x50 CU Crimp Tee
C515,,ea
E515,,55
F515,=E515*D515,0
B516,,50x40 CU Crimp Reducer
C516,,ea
E516,,55
F516,=E516*D516,0
B517,,50x32 CU Crimp Reducer
C517,,ea
E517,,21.5
F517,=E517*D517,0
B518,,50x25 CU Crimp Reducer
C518,,ea
E518,,34.92
F518,=E518*D518,0
B519,,50x20 CU Crimp Reducer
C519,,ea
E519,,35
F519,=E519*D519,0
B520,,50x15 CU Crimp Reducer
C520,,ea
E520,,22
F520,=E520*D520,0
B521,,50Cu x 50Mi CU Crimp Adapter
C521,,ea
E521,,22
F521,=E521*D521,0
B522,,50Cu x 50Fi CU Crimp Adapter
C522,,ea
E522,,78
F522,=E522*D522,0
B523,,50mm CU Crimp Repair Coupling
C523,,ea
E523,,89
F523,=E523*D523,0
B524,,50mm CU Crimp Coupling
C524,,ea
E524,,21
F524,=E524*D524,0
B525,,50Cu x 50Flange CU Crimp Coupling
C525,,ea
E525,,21
F525,=E525*D525,0
B526,,50mm CU Crimp Cap
C526,,ea
E526,,0
F526,=E526*D526,0
B527,,50Cu x W69/Barrell Barrell Union CU Crimp
C527,,ea
E527,,0
F527,=E527*D527,0
B528,,40mm CU Crimp 90 DEG FxF Elbow
C528,,ea
E528,,0
F528,=E528*D528,0
B529,,40mm CU Crimp 45 DEG FxF Elbow
C529,,ea
E529,,0
F529,=E529*D529,0
B530,,40mm CU Crimp 90 DEG MxF Elbow
C530,,ea
E530,,0
F530,=E530*D530,0
B531,,40mm CU Crimp 45 DEG MxF Elbow
C531,,ea
E531,,0
F531,=E531*D531,0
B532,,40mm CU Crimp Tee
C532,,ea
E532,,0
F532,=E532*D532,0
B533,,40x32x40 CU Crimp Tee
C533,,ea
E533,,0
F533,=E533*D533,0
B534,,40x32x32 CU Crimp Tee
C534,,ea
E534,,0
F534,=E534*D534,0
B535,,40x32x25 CU Crimp Tee
C535,,ea
E535,,0
F535,=E535*D535,0
B536,,40x25x40 CU Crimp Tee
C536,,ea
E536,,0
F536,=E536*D536,0
B537,,40x25x20 CU Crimp Tee
C537,,ea
E537,,0
F537,=E537*D537,0
B538,,40x20x40 CU Crimp Tee
C538,,ea
E538,,0
F538,=E538*D538,0
B539,,40x15x40 CU Crimp Tee
C539,,ea
E539,,0
F539,=E539*D539,0
B540,,40x32 CU Crimp Reducer
C540,,ea
E540,,0
F540,=E540*D540,0
B541,,40x25 CU Crimp Reducer
C541,,ea
E541,,0
F541,=E541*D541,0
B542,,40x20 CU Crimp Reducer
C542,,ea
E542,,0
F542,=E542*D542,0
B543,,40x15 CU Crimp Reducer
C543,,ea
E543,,0
F543,=E543*D543,0
B544,,40Cu x 40Mi CU Crimp Adapter
C544,,ea
E544,,0
F544,=E544*D544,0
B545,,40Cu x 40Fi CU Crimp Adapter
C545,,ea
E545,,0
F545,=E545*D545,0
B546,,40mm CU Crimp Repair Coupling
C546,,ea
E546,,0
F546,=E546*D546,0
B547,,40mm CU Crimp Coupling
C547,,ea
E547,,0
F547,=E547*D547,0
B548,,40Cu x 40Flange CU Crimp Coupling
C548,,ea
E548,,0
F548,=E548*D548,0
B549,,40mm CU Crimp Cap
C549,,ea
E549,,0
F549,=E549*D549,0
B550,,40Cu x W69/Barrell Barrell Union CU Crimp
C550,,ea
E550,,0
F550,=E550*D550,0
B551,,32mm CU Crimp 90 DEG FxF Elbow
C551,,ea
E551,,0
F551,=E551*D551,0
B552,,32mm CU Crimp 45 DEG FxF Elbow
C552,,ea
E552,,0
F552,=E552*D552,0
B553,,32mm CU Crimp 90 DEG MxF Elbow
C553,,ea
E553,,0
F553,=E553*D553,0
B554,,32mm CU Crimp 45 DEG MxF Elbow
C554,,ea
E554,,0
F554,=E554*D554,0
B555,,32mm CU Crimp Tee
C555,,ea
E555,,0
F555,=E555*D555,0
B556,,32x25x32 CU Crimp Tee
C556,,ea
E556,,18.54
F556,=E556*D556,0
B557,,32x25x20 CU Crimp Tee
C557,,ea
E557,,0
F557,=E557*D557,0
B558,,32x20x32 CU Crimp Tee
C558,,ea
E558,,0
F558,=E558*D558,0
B559,,32x20x20 CU Crimp Tee
C559,,ea
E559,,18.35
F559,=E559*D559,0
B560,,32x20x15 CU Crimp Tee
C560,,ea
E560,,0
F560,=E560*D560,0
B561,,32x15x32 CU Crimp Tee
C561,,ea
E561,,0
F561,=E561*D561,0
B562,,32x15x25 CU Crimp Tee
C562,,ea
E562,,0
F562,=E562*D562,0
B563,,32x15x20 CU Crimp Tee
C563,,ea
E563,,0
F563,=E563*D563,0
B564,,32x15x15 CU Crimp Tee
C564,,ea
E564,,0
F564,=E564*D564,0
B565,,COUPLING RED CU KEMPRESS WATER 32MM X 25MM
C565,,ea
E565,,20
F565,=E565*D565,0
B566,,32x20 CU Crimp Reducer
C566,,ea
E566,,16.33
F566,=E566*D566,0
B567,,32x15 CU Crimp Reducer
C567,,ea
E567,,0
F567,=E567*D567,0
B568,,32Cu x 32Mi CU Crimp Adapter
C568,,ea
E568,,0
F568,=E568*D568,0
B569,,32Cu x 32Fi CU Crimp Adapter
C569,,ea
E569,,0
F569,=E569*D569,0
B570,,32mm CU Crimp Repair Coupling
C570,,ea
E570,,0
F570,=E570*D570,0
B571,,32mm CU Crimp Coupling
C571,,ea
E571,,0
F571,=E571*D571,0
B572,,32mm CU Crimp Cap
C572,,ea
E572,,0
F572,=E572*D572,0
B573,,32Cu x W69/Barrell Barrell Union CU Crimp
C573,,ea
E573,,0
F573,=E573*D573,0
B574,,25mm CU Crimp 90 DEG FxF Elbow
C574,,ea
E574,,0
F574,=E574*D574,0
B575,,25mm CU Crimp 45 DEG FxF Elbow
C575,,ea
E575,,0
F575,=E575*D575,0
B576,,25mm CU Crimp 90 DEG MxF Elbow
C576,,ea
E576,,0
F576,=E576*D576,0
B577,,25mm CU Crimp 45 DEG MxF Elbow
C577,,ea
E577,,0
F577,=E577*D577,0
B578,,25mm CU Crimp Tee
C578,,ea
E578,,0
F578,=E578*D578,0
B579,,25x20x25 CU Crimp Tee
C579,,ea
E579,,0
F579,=E579*D579,0
B580,,25x20x20 CU Crimp Tee
C580,,ea
E580,,0
F580,=E580*D580,0
B581,,25x20x15 CU Crimp Tee
C581,,ea
E581,,0
F581,=E581*D581,0
B582,,25x15x25 CU Crimp Tee
C582,,ea
E582,,0
F582,=E582*D582,0
B583,,25x15x20 CU Crimp Tee
C583,,ea
E583,,0
F583,=E583*D583,0
B584,,25x15x15 CU Crimp Tee
C584,,ea
E584,,0
F584,=E584*D584,0
B585,,25x20 CU Crimp Reducer
C585,,ea
E585,,0
F585,=E585*D585,0
B586,,25x15 CU Crimp Reducer
C586,,ea
E586,,0
F586,=E586*D586,0
B587,,25Cu x 25Mi CU Crimp Adapter
C587,,ea
E587,,0
F587,=E587*D587,0
B588,,25Cu x 25Fi CU Crimp Adapter
C588,,ea
E588,,0
F588,=E588*D588,0
B589,,25mm CU Crimp Repair Coupling
C589,,ea
E589,,0
F589,=E589*D589,0
B590,,25mm CU Crimp Coupling
C590,,ea
E590,,0
F590,=E590*D590,0
B591,,25mm CU Crimp Cap
C591,,ea
E591,,0
F591,=E591*D591,0
B592,,25Cu x W69/Barrell Barrell Union CU Crimp
C592,,ea
E592,,0
F592,=E592*D592,0
B593,,20mm CU Crimp 90 DEG FxF Elbow
C593,,ea
E593,,0
F593,=E593*D593,0
B594,,20mm CU Crimp 45 DEG FxF Elbow
C594,,ea
E594,,0
F594,=E594*D594,0
B595,,20mm CU Crimp 90 DEG MxF Elbow
C595,,ea
E595,,0
F595,=E595*D595,0
B596,,20mm CU Crimp 45 DEG MxF Elbow
C596,,ea
E596,,0
F596,=E596*D596,0
B597,,20mm CU Crimp Tee
C597,,ea
E597,,0
F597,=E597*D597,0
B598,,20x15x20 CU Crimp Tee
C598,,ea
E598,,5.61
F598,=E598*D598,0
B599,,20x15x15 CU Crimp Tee
C599,,ea
E599,,0
F599,=E599*D599,0
B600,,20x15 CU Crimp Reducer
C600,,ea
E600,,0
F600,=E600*D600,0
B601,,20Cu x 20Mi CU Crimp Adapter
C601,,ea
E601,,0
F601,=E601*D601,0
B602,,20Cu x 20Fi CU Crimp Adapter
C602,,ea
E602,,0
F602,=E602*D602,0
B603,,20mm CU Crimp Repair Coupling
C603,,ea
E603,,0
F603,=E603*D603,0
B604,,20mm CU Crimp Coupling
C604,,ea
E604,,0
F604,=E604*D604,0
B605,,20mm CU Crimp Cap
C605,,ea
E605,,0
F605,=E605*D605,0
B606,,20Cu x W69/Barrell Barrell Union CU Crimp
C606,,ea
E606,,0
F606,=E606*D606,0
B607,,15mm CU Crimp 90 DEG FxF Elbow
C607,,ea
E607,,0
F607,=E607*D607,0
B608,,15mm CU Crimp 45 DEG FxF Elbow
C608,,ea
E608,,0
F608,=E608*D608,0
B609,,15mm CU Crimp 90 DEG MxF Elbow
C609,,ea
E609,,0
F609,=E609*D609,0
B610,,15mm CU Crimp 45 DEG MxF Elbow
C610,,ea
E610,,0
F610,=E610*D610,0
B611,,15mm CU Crimp Tee
C611,,ea
E611,,0
F611,=E611*D611,0
B612,,15Cu x 15Mi CU Crimp Adapter
C612,,ea
E612,,0
F612,=E612*D612,0
B613,,15Cu x 15Fi CU Crimp Adapter
C613,,ea
E613,,0
F613,=E613*D613,0
B614,,"15Cu Fi BP, wall elbow"
C614,,ea
E614,,0
F614,=E614*D614,0
B615,,"15Cu Mi BP, Wall elbow  - 90 Long"
C615,,ea
E615,,0
F615,=E615*D615,0
B616,,"15Cu Mi BP, Wall elbow  - 120+ Long"
C616,,ea
E616,,0
F616,=E616*D616,0
B617,,15mm CU Crimp Repair Coupling
C617,,ea
E617,,0
F617,=E617*D617,0
B618,,15mm CU Crimp Coupling
C618,,ea
E618,,0
F618,=E618*D618,0
B619,,15mm CU Crimp Cap
C619,,ea
E619,,0
F619,=E619*D619,0
B620,,15Cu x W69/Barrell Barrell Union CU Crimp
C620,,ea
E620,,0
F620,=E620*D620,0
B621,,50mm Ball Valve Fi
C621,,ea
E621,,0
F621,=E621*D621,0
B622,,40mm Ball Valve Fi
C622,,ea
E622,,0
F622,=E622*D622,0
B623,,32mm Ball Valve Fi
C623,,ea
E623,,0
F623,=E623*D623,0
B624,,25mm Ball Valve Fi
C624,,ea
E624,,26.25
F624,=E624*D624,0
B625,,20mm Ball Valve Fi
C625,,ea
E625,,0
F625,=E625*D625,0
B626,,15mm Ball Valve Fi
C626,,ea
E626,,0
F626,=E626*D626,0
B627,,50mm Mi BRS Nipple
C627,,ea
E627,,0
F627,=E627*D627,0
B628,,50mm Fi BRS Socket
C628,,ea
E628,,0
F628,=E628*D628,0
B629,,50mm Mi BRS Union
C629,,ea
E629,,0
F629,=E629*D629,0
B630,,50mm Fi BRS Union
C630,,ea
E630,,0
F630,=E630*D630,0
B631,,50mm BRS Plug
C631,,ea
E631,,0
F631,=E631*D631,0
B632,,50mm BRS Cap
C632,,ea
E632,,0
F632,=E632*D632,0
B633,,40mm Mi BRS Nipple
C633,,ea
E633,,0
F633,=E633*D633,0
B634,,40mm Fi BRS Socket
C634,,ea
E634,,0
F634,=E634*D634,0
B635,,40mm Mi BRS Union
C635,,ea
E635,,0
F635,=E635*D635,0
B636,,40mm Fi BRS Union
C636,,ea
E636,,0
F636,=E636*D636,0
B637,,40mm BRS Plug
C637,,ea
E637,,0
F637,=E637*D637,0
B638,,40mm BRS Cap
C638,,ea
E638,,0
F638,=E638*D638,0
B639,,32mm Mi BRS Nipple
C639,,ea
E639,,0
F639,=E639*D639,0
B640,,32mm Fi BRS Socket
C640,,ea
E640,,0
F640,=E640*D640,0
B641,,32mm Mi BRS Union
C641,,ea
E641,,0
F641,=E641*D641,0
B642,,32mm Fi BRS Union
C642,,ea
E642,,0
F642,=E642*D642,0
B643,,32mm BRS Plug
C643,,ea
E643,,0
F643,=E643*D643,0
B644,,32mm BRS Cap
C644,,ea
E644,,0
F644,=E644*D644,0
B645,,25mm Mi BRS Nipple
C645,,ea
E645,,0
F645,=E645*D645,0
B646,,25mm Fi BRS Socket
C646,,ea
E646,,0
F646,=E646*D646,0
B647,,25mm Mi BRS Union
C647,,ea
E647,,0
F647,=E647*D647,0
B648,,25mm Fi BRS Union
C648,,ea
E648,,0
F648,=E648*D648,0
B649,,25mm BRS Plug
C649,,ea
E649,,0
F649,=E649*D649,0
B650,,25mm BRS Cap
C650,,ea
E650,,0
F650,=E650*D650,0
C651,,ea
E651,,0
F651,=E651*D651,0
B655,,20mm pex Pipe - Black
C655,,m
D655,,158
E655,=434/158,2.7468354430379747
F655,=E655*D655,434
J655,=217*2,434
B656,,20mm pex Pipe - Red 
C656,,m
D656,,66
E656,=231/66,3.5
F656,=E656*D656,231
B657,,15mm Pex pipe - Black
C657,,m
E657,,0
F657,=E657*D657,0
B658,,15mm Pex pipe - Red
C658,,m
E658,,0
F658,=E658*D658,0
B659,,20 pex Elbow
C659,,m
D659,,104
E659,,5.15
F659,=E659*D659,535.6
B660,,20 Pex TEE
C660,,ea
D660,,66
E660,,7.49
F660,=E660*D660,494.34000000000003
B661,,20x15 Pex TEE
C661,,ea
E661,,0
F661,=E661*D661,0
B662,,20 PEX Mi Adapter
C662,,ea
E662,,0
F662,=E662*D662,0
B663,,20 PEX Fi Adapter
C663,,ea
E663,,0
F663,=E663*D663,0
B664,,20x15 Pex Reducer
C664,,ea
E664,,0
F664,=E664*D664,0
B665,,PEX - 32 Cu Crimp Adapter
C665,,ea
D665,,1
E665,,20
F665,=E665*D665,20
B666,,PEX - 25 Cu Crimp Adapter
C666,,ea
D666,,14
E666,,14
F666,=E666*D666,196
B667,,PEX - 20 Cu Crimp Adapter
C667,,ea
D667,,5
E667,,10.05
F667,=E667*D667,50.25
B668,,20 PEXxCU Crimp conversion coupling
C668,,ea
E668,,0
F668,=E668*D668,0
B669,,20 PEX Straight coupling
C669,,ea
E669,,0
F669,=E669*D669,0
B670,,15 Pex Elbow
C670,,ea
E670,,0
F670,=E670*D670,0
B671,,15 Pex TEE
C671,,ea
E671,,0
F671,=E671*D671,0
B672,,15 PEXMi Adapter
C672,,ea
E672,,0
F672,=E672*D672,0
B673,,15 PEX Fi Adapter
C673,,ea
E673,,0
F673,=E673*D673,0
B674,,"15 PEX Fi BP, wall elbow"
C674,,ea
E674,,0
F674,=E674*D674,0
B675,,"15 PEX Mi BP, Wall elbow  - 90 Long"
C675,,ea
E675,,0
F675,=E675*D675,0
B676,,"15 PEX Mi BP, Wall elbow  - 120+ Long"
C676,,ea
E676,,0
F676,=E676*D676,0
B677,,15 PEXxCU Crimp conversion coupling
C677,,ea
E677,,0
F677,=E677*D677,0
B678,,15 PEX Straight coupling
C678,,ea
E678,,0
F678,=E678*D678,0
C679,,ea
E679,,0
F679,=E679*D679,0
B680,,Hose Taps Complete
C680,,ea
D680,,4
E680,,56
F680,=E680*D680,224
B681,,100 FL DICL SLUICE VALVE 
C681,,ea
E681,,202.94
F681,=E681*D681,0
B682,," 125PE*4"" (100mm) - MaxiStub W/Stainless Steel Backing Ring"
C682,,ea
E682,,92.67
F682,=E682*D682,0
B683,,100mm PE*DI Gasket Kit Complete  Parts & Labour
C683,,ea
E683,,24.71
F683,=E683*D683,0
B684,,100mm DI*DI Gasket Kit Complete
C684,,ea
E684,,20
F684,=E684*D684,0
B685,,Valve Spindle Riser - 600Long
C685,,ea
E685,,136.94
F685,=E685*D685,0
B686,,100mm Dual Pillar Hydrant Complete_ RG Base 1500 High w/landing Valves_OPTION
C686,,ea
E686,,365
F686,=E686*D686,0
B687,,125mm PE x 100mm GALV ADAPTER - Acutech Brand
C687,,ea
E687,,201.43
F687,=E687*D687,0
B688,,Red caps and chain - suit 65mm QLD Landing valve
C688,,ea
E688,,5
F688,=E688*D688,0
B689,,RPZD  32mm
C689,,ea
E689,,853
F689,=E689*D689,0
B690,,RPZD  20mm
C690,,ea
D690,,3
E690,,503
F690,=E690*D690,1509
B691,,RPZD 100mm
C691,,ea
E691,,1809.63
F691,=E691*D691,0
B692,,Office - Water & Rough IN
C692,,ea
E692,,1650
F692,=E692*D692,0
B693,,Ofice - NOGINS & Fixings
C693,,ea
E693,,160
F693,=E693*D693,0
B694,,Safety shr fittings
C694,,ea
E694,,750
F694,=E694*D694,0
B695,,In Grnd Fittings misc
C695,,ea
E695,,450
F695,=E695*D695,0
B696,,Abv Grnd Fittings misc
C696,,ea
E696,,1250
F696,=E696*D696,0
B697,,HWU quickie kit
C697,,ea
E697,,190
F697,=E697*D697,0
B698,,TMV
C698,,ea
E698,,412.59
F698,=E698*D698,0
B699,,20mm check valve 
C699,,ea
D699,,4
E699,,80
F699,=E699*D699,320
B700,,20mm Isolavtive valve 
C700,,ea
D700,,3
E700,,18.65
F700,=E700*D700,55.949999999999996
B701,,25mm Isolavtive valve 
C701,,ea
E701,,26.55
F701,=E701*D701,0
B702,,32mm Isolavtive valve 
C702,,ea
D702,,1
E702,,60
F702,=E702*D702,60
B703,,50mm Isolavtive valve 
C703,,ea
E703,,92.1
F703,=E703*D703,0
B704,,450 SQ PIT
C704,,ea
E704,,30
F704,=E704*D704,0
B705,,Dock Office Water Mat
C705,,ea
E705,,1850
F705,=E705*D705,0
B706,,25mm RPZD 
C706,,ea
E706,,1800
F706,=E706*D706,0
F707,=E707*D707,0
B708,,misc. 
C708,,ea
E708,,3800
F708,=E708*D708,0
B709,,150mm isolation valve in valve pit (connect to authority watermain )
C709,,ea
E709,,371.37
F709,=E709*D709,0
B710,,25mm DCW Isolation vlave in valve pit with path box cover 
C710,,ea
E710,=430.67+38.37,469.04
F710,=E710*D710,0
B711,,	25mm water meter in tamper steel cage with isolative valves in both side 
C711,,ea
E711,=141.13+18.87+18.87+480.93,659.8
F711,=E711*D711,0
B712,,TMV in Box
C712,,ea
D712,,10
E712,,587.96
F712,=E712*D712,5879.6
B713,,100 mm Water meter 
C713,,ea
E713,,641.58
F713,=E713*D713,0
B714,,32 valve in pit 
C714,,ea
E714,,50
F714,=E714*D714,0
B715,,50mm control valve 
C715,,ea
E715,,31.71
F715,=E715*D715,0
B716,,TLV under basin 
C716,,ea
E716,,146.09
F716,=E716*D716,0
B717,,AUTOMATIC TRAP PRIMER 
C717,,ea
D717,,2
E717,,99.49
F717,=E717*D717,198.98
F718,=E718*D718,0
B720,,SEWER DRAINAGE - 
B721,,Description
B723,,PIPE DWV PVC S/WELD  150MM - In Grnd 
C723,,m
E723,,14.489999999999998
F723,=E723*D723,0
B724,,PIPE DWV SN8 PVC S/WELD  100MM
C724,,m
D724,,231
E724,,9.5496
F724,=E724*D724,2205.9576
B725,,150MM * 45D PVC JUNCTION 
C725,,ea
E725,,9.66
F725,=E725*D725,0
B726,,100MM * 45D PVC JUNCTION 
C726,,ea
D726,,80
E726,,4.7886
F726,=E726*D726,383.08799999999997
B727,,150MM X 100MM 45D PVC JUNCTION 
C727,,ea
E727,,13.799999999999999
F727,=E727*D727,0
B728,,100*40 PVC DWV JUNCTION 
C728,,ea
D728,,2
E728,,5
F728,=E728*D728,10
B729,,100*50 PVC DWV JUNCTION 
C729,,ea
E729,,6.5274
F729,=E729*D729,0
B730,,100MM * 65 PVC PVC JUNCTION 
C730,,ea
E730,,8.5974
F730,=E730*D730,0
B731,,150MM X 45 Deg Bend 
C731,,ea
E731,,6.8999999999999995
F731,=E731*D731,0
B732,,150MM X 90 Deg Bend 
C732,,ea
E732,,6.8999999999999995
F732,=E732*D732,0
B733,,100MM X 90Deg Bend
C733,,ea
D733,,75
E733,,2.5667999999999997
F733,=E733*D733,192.51
B734,,100MM X 45Deg Bend
C734,,ea
D734,,66
E734,,2.33082
F734,=E734*D734,153.83412
B735,,DWV PIPE REDUCER 150X100mm
C735,,ea
E735,,5.52
F735,=E735*D735,0
B736,,DWV PIPE REDUCER 100 X 50mm
C736,,ea
D736,,3
E736,,2.6771999999999996
F736,=E736*D736,8.0316
B737,,DWV PIPE REDUCER 100 X 40mm
C737,,ea
D737,,1
E737,,2
F737,=E737*D737,2
B738,,PIPE DWV PVC S/WELD  100MM - In Grnd 
C738,,m
E738,,6.8999999999999995
F738,=E738*D738,0
B739,,PIPE DWV PVC S/WELD  65MM - In Grnd 
C739,,m
E739,,5.52
F739,=E739*D739,0
B740,,63 HDPE PN12.5 SDR11 - BLACK or CREAM - In Grnd 
C740,,m
E740,,8.7354
F740,=E740*D740,0
B741,,PIPE DWV PVC S/WELD  50mm
C741,,m
D741,,13
E741,,3.726
F741,=E741*D741,48.438
B742,,PIPE DWV PVC S/WELD  40mm
C742,,m
D742,,26
E742,,2.8979999999999997
F742,=E742*D742,75.34799999999998
B743,,65MM * 45D PVC JUNCTION 
C743,,ea
E743,,3.5
F743,=E743*D743,0
B744,,50MM * 45D PVC JUNCTION 
C744,,ea
E744,,3
F744,=E744*D744,0
B745,,DWV BEND 65X 45 DEG
C745,,ea
E745,,2.3322
F745,=E745*D745,0
B746,,DWV BEND 65X 90 DEG
C746,,ea
E746,,2.33
F746,=E746*D746,0
B747,,DWV BEND 40 X 45 DEG
C747,,ea
D747,,18
E747,,4
F747,=E747*D747,72
B748,,DWV BEND 40 X 85 DEG
C748,,ea
D748,,18
E748,,4.14
F748,=E748*D748,74.52
B749,,DWV BEND 50 X 45 DEG
C749,,ea
D749,,8
E749,,0.9384
F749,=E749*D749,7.5072
B750,,DWV BEND 50 X85 DEG 
C750,,ea
D750,,7
E750,,11.716199999999999
F750,=E750*D750,82.01339999999999
B751,,50mm Condensate INSULATION
C751,,m
E751,,14
F751,=E751*D751,0
B752,,100mm Condensate INSULATION
C752,,m
E752,,6
F752,=E752*D752,0
F753,=E753*D753,0
B754,,150mm - Gas Tight H/D Cast Iron Clearout (Peepeye)
C754,,ea
E754,,40
F754,=E754*D754,0
B755,,150mm Clear Out Cover - L/D - Brass
C755,,ea
E755,,30
F755,=E755*D755,0
B756,,100mm - Gas Tight H/D Cast Iron Clearout (Peepeye)
C756,,ea
D756,,18
E756,,33
F756,=E756*D756,594
B757,,100mm Clear Out Cover - L/D - Brass
C757,,ea
D757,,18
E757,,23.26
F757,=E757*D757,418.68
B758,,100 mm Inspection Opening 
C758,,ea
D758,,10
E758,,50
F758,=E758*D758,500
B759,,100mm Trapped point - 100mm Gully Trap
C759,,ea
E759,,7.65
F759,=E759*D759,0
B760,,FWG - 100mm Gully Trap
C760,,ea
E760,,7.65
F760,=E760*D760,0
B761,,FWG - 100mm 4-way Riser
C761,,ea
D761,,9
E761,,13.59
F761,=E761*D761,122.31
B762,,FWG - Grate - Tile Insert 100*100 Chrome Plated
C762,,ea
E762,,0
F762,=E762*D762,0
B763,,In-Wall TD & View Panel - SS
C763,,ea
D763,,2
E763,,75
F763,=E763*D763,150
F764,=E764*D764,0
B765,,100mm PVC 10mm nut hanging clip
C765,,ea
E765,,2
F765,=E765*D765,0
B766,,50mm PVC 10mm nut hanging clip
C766,,ea
E766,,1.5
F766,=E766*D766,0
B767,,10mm Zinc Threaded Rod
C767,,m
E767,=E645,0
F767,=E767*D767,0
F768,=E768*D768,0
B769,,Glue - Blue - 4Ltr
C769,,ea
E769,,26.4
F769,=E769*D769,0
B770,,Primer - Red - 4Ltr
C770,,ea
E770,,23
F770,=E770*D770,0
B771,,Detectable SEWER Marker Tape - 250m
C771,,ea
E771,,75
F771,=E771*D771,0
B772,,100mm AbleFlex Roll 
C772,,ea
E772,,22
F772,=E772*D772,0
B773,,Concrete Mix bag
C773,,ea
E773,,10
F773,=E773*D773,0
F774,=E774*D774,0
B775,,External Sewer Mains fitting
C775,,ea
E775,,520
F775,=E775*D775,0
B776,,Vents Complete
C776,,ea
E776,,230
F776,=E776*D776,0
B777,,Office Drainage mat
C777,,ea
E777,,2800
F777,=E777*D777,0
B778,,Dock Office Drainage Mat
C778,,ea
E778,,950
F778,=E778*D778,0
B779,,misc. 
C779,,ea
E779,,1250
F779,=E779*D779,0
B780,,Overflow Gully 
C780,,ea
D780,,1
E780,,200
F780,=E780*D780,200
B781,,COS
C781,,ea
E781,,120
F781,=E781*D781,0
B782,,Tundish 
C782,,ea
E782,,61.33
F782,=E782*D782,0
B783,,SIVEL EXPANSION JOINT
C783,,ea
D783,,1
E783,,100
F783,=E783*D783,100
B784,,FWG
C784,,ea
D784,,1
E784,,250
F784,=E784*D784,250
B785,,Basket trap 
C785,,ea
D785,,12
E785,,250
F785,=E785*D785,3000
B786,,Fire Collars & Misc
C786,,ea
E786,,300
F786,=E786*D786,0
B787,,plaster /slip trap 
C787,,ea
E787,,1200
F787,=E787*D787,0
B788,, Basket Arrestors for Floor Drains
C788,,ea
E788,,350
F788,=E788*D788,0
B793,,Vent 
B794,,Description
B796,,PIPE DWV SN8 PVC S/WELD  100MM
C796,,m
D796,,17
E796,,9.5496
F796,=E796*D796,162.3432
B797,,PIPE DWV PVC S/WELD  50mm
C797,,m
D797,,1
E797,,3.726
F797,=E797*D797,3.726
B798,,100MM X 90Deg Bend
C798,,ea
D798,,12
E798,,2.5667999999999997
F798,=E798*D798,30.801599999999997
B799,,100MM X 45Deg Bend
C799,,ea
D799,,6
E799,,2.33082
F799,=E799*D799,13.98492
B800,,100MM * 45D PVC JUNCTION 
C800,,ea
D800,,1
E800,,4.7886
F800,=E800*D800,4.7886
B801,,DWV BEND 50 X85 DEG 
C801,,ea
D801,,1
E801,,11.716199999999999
F801,=E801*D801,11.716199999999999
B802,,DWV PIPE REDUCER 100 X 50mm
C802,,ea
D802,,1
E802,,2.6771999999999996
F802,=E802*D802,2.6771999999999996
B803,,100 mm Inspection Opening 
C803,,ea
D803,,1
E803,,50
F803,=E803*D803,50
B804,,	110 HDPE 
C804,,m
D804,,2
E804,=58/5,11.6
F804,=E804*D804,23.2
B805,,	110 HDPE 90 Deg Bend ( TRADE WASTE )
C805,,ea
D805,,1
E805,,10
F805,=E805*D805,10
B806,,	110 HDPE X 45 DEG (TRADE WASTE )
C806,,ea
D806,,1
E806,,5.16
F806,=E806*D806,5.16
B807,,Trench Drain ( spec in drawing )
C807,,m
D807,,1
E807,,500
F807,=E807*D807,500
B809,,Trade Waste 
B810,,Description
B813,,	110 HDPE (TRADE WASTE DRAIN )
C813,,m
D813,,53
E813,=85/5,17
F813,=E813*D813,901
B814,,	110 HDPE 90 Deg Bend ( TRADE WASTE )
C814,,ea
D814,,7
E814,,5.55
F814,=E814*D814,38.85
B815,,	110 HDPE X 45 DEG (TRADE WASTE )
C815,,ea
D815,,23
E815,,8.98
F815,=E815*D815,206.54000000000002
B816,,	JUNCTION 110 HDPE X 45 DEG
C816,,ea
D816,,16
E816,,4.73
F816,=E816*D816,75.68
B817,,	JUNCTION 110 HDPE X 50 HDPE 45 DEG
C817,,ea
D817,,2
E817,,10
F817,=E817*D817,20
B818,,100 HDPE (TRADE WASTE DRAIN )
C818,,m
E818,,10
F818,=E818*D818,0
B819,,JUNCTION 100 HDPE X 45 DEG
C819,,ea
E819,,4
F819,=E819*D819,0
B820,,110 HDPE  X 100 HDPE REDUCER
C820,,ea
E820,,15
F820,=E820*D820,0
B821,,110 HDPE  X 50 HDPE REDUCER
C821,,ea
D821,,5
E821,,12
F821,=E821*D821,60
B822,,100 HDPE 90 Deg Bend ( TRADE WASTE )
C822,,ea
E822,,8
F822,=E822*D822,0
B823,,	100 HDPE X 45 DEG (TRADE WASTE )
C823,,ea
E823,,5.16
F823,=E823*D823,0
B824,,	65 HDPE (TRADE WASTE DRAIN )
C824,,m
E824,,8
F824,=E824*D824,0
B825,,	65 HDPE X 45 DEG (TRADE WASTE )
C825,,ea
E825,,4
F825,=E825*D825,0
B826,,	65 HDPE X 90 DEG (TRADE WASTE )
C826,,ea
E826,,5
F826,=E826*D826,0
B827,,	50 HDPE (TRADE WASTE DRAIN )
C827,,ea
D827,,13
E827,,7
F827,=E827*D827,91
B828,,	50 HDPE X 90 DEG (TRADE WASTE )
C828,,ea
D828,,10
E828,,4
F828,=E828*D828,40
B829,,	50 HDPE X 45 DEG (TRADE WASTE )
C829,,ea
D829,,5
E829,,3.8
F829,=E829*D829,19
B830,,	BUCKEY TRAP /SILT TRAP
C830,,ea
D830,,1
E830,,100
F830,=E830*D830,100
B831,,IOS TRADE WASTE 
C831,,ea
D831,,1
E831,,25
F831,=E831*D831,25
B832,,in wall tundish 
C832,,ea
D832,,2
E832,,75
F832,=E832*D832,150
B833,,tundish
C833,,ea
D833,,4
E833,,60
F833,=E833*D833,240
B834,,50mm rpzd
C834,,ea
D834,,1
E834,,880
F834,=E834*D834,880
B835,,100mm check valve 
C835,,ea
D835,,1
E835,,1200
F835,=E835*D835,1200
B836,,Geberit 4 Way Riser 110x56
C836,,ea
D836,,6
E836,,33
F836,=E836*D836,198
B837,,Geberit Exp Socket 110
C837,,ea
D837,,2
E837,,13
F837,=E837*D837,26
B838,,Geberit Adj DT Trap Bottom Hdpe 110mm
C838,,ea
D838,,6
E838,,41.53
F838,=E838*D838,249.18
B841,,STORMWATER DRAINAGE
B842,,Description
B845,,PIPE 600MM - RIBBED
C845,,m
E845,,165.6
F845,=E845*D845,0
B846,,PIPE 450MM - RIBBED
C846,,m
E846,,89.69999999999999
F846,=E846*D846,0
B847,,PIPE 375MM - RIBBED BLACK MAX 
C847,,m
E847,,66.24
F847,=E847*D847,0
B848,,PIPE 300MM - RIBBED BLACK MAX 
C848,,m
E848,,0
F848,=E848*D848,0
B849,,PIPE DWV SN8 PVC S/WELD  375MM
C849,,m
E849,,85.10459999999999
F849,=E849*D849,0
B850,,PIPE DWV SN8 PVC S/WELD  300MM
C850,,m
E850,,84.17999999999999
F850,=E850*D850,0
B851,,PIPE DWV SN4 PVC S/WELD  300MM
C851,,m
E851,,68.77
F851,=E851*D851,0
B852,,PIPE SW H/D PVC S/WELD  300MM
C852,,m
E852,,55.199999999999996
F852,=E852*D852,0
B853,,PIPE DWV SN8 PVC S/WELD  225MM
C853,,m
E853,,55.199999999999996
F853,=E853*D853,0
B854,,PIPE DWV SN4 PVC S/WELD  225MM
C854,,m
E854,,42.779999999999994
F854,=E854*D854,0
B855,,PIPE SW H/D PVC S/WELD  225MM
C855,,m
E855,,32.66
F855,=E855*D855,0
B856,,PIPE DWV SN8 PVC S/WELD  150MM
C856,,m
E856,,19.549999999999997
F856,=E856*D856,0
B857,,PIPE DWV SN4 PVC S/WELD  150MM
C857,,m
E857,,16.099999999999998
F857,=E857*D857,0
B858,,PIPE DWV SN8 PVC S/WELD  150MM - Suspended
C858,,m
E858,,19.549999999999997
F858,=E858*D858,0
B859,,PIPE DWV SN4 PVC S/WELD  150MM
C859,,m
E859,,16.56
F859,=E859*D859,0
B860,,PIPE DWV SN8 PVC S/WELD  100MM
C860,,m
E860,=(2415.3/(83*6))*1.38,6.6930000000000005
F860,=E860*D860,0
B861,,PIPE DWV SN4 PVC S/WELD  100MM
C861,,m
E861,,6.8999999999999995
F861,=E861*D861,0
B862,,PIPE DWV SN8 PVC S/WELD  50MM
C862,,m
E862,=(2415.3/(83*6))*1.38,6.6930000000000005
F862,=E862*D862,0
E863,,0
F863,=E863*D863,0
B864,,DWV Grade Option
E864,,0
F864,=E864*D864,0
C865,,ea
E865,,0
F865,=E865*D865,0
B866,,600*225 Ribbed Saddle
C866,,ea
E866,,676.1999999999999
F866,=E866*D866,0
B867,,600*45Deg RIBBED Bend
C867,,ea
E867,,896.9999999999999
F867,=E867*D867,0
B868,,600*450 Ribbed Reducer
C868,,ea
E868,,1517.9999999999998
F868,=E868*D868,0
B869,,450*375 Ribbed*PVC Reducer
C869,,ea
E869,,634.8
F869,=E869*D869,0
B870,,450 45 Deg ribbed Bend
C870,,ea
E870,,800.4
F870,=E870*D870,0
B871,,450 * 225 Ribbed Saddle
C871,,ea
E871,,441.59999999999997
F871,=E871*D871,0
B872,,375mm X 45Deg Junction
C872,,ea
E872,,579.5999999999999
F872,=E872*D872,0
B873,,375X300X45D PVC JUNCTION
C873,,ea
E873,,776.0981999999999
F873,=E873*D873,0
B874,,375X225X45D PVC JUNCTION
C874,,ea
E874,,777.4781999999999
F874,=E874*D874,0
B875,,375MM X 300MM Reducer
C875,,ea
E875,,524.4
F875,=E875*D875,0
B876,,375MM X 225MM Reducer
C876,,ea
E876,,496.79999999999995
F876,=E876*D876,0
B877,,375MM X 90Deg Bend
C877,,ea
E877,,745.1999999999999
F877,=E877*D877,0
B878,,375MM X 45Deg Bend
C878,,ea
E878,,621
F878,=E878*D878,0
B879,,300MM * 45D PVC JUNCTION
C879,,ea
E879,,496.79999999999995
F879,=E879*D879,0
B880,,300X225X45D PVC JUNCTION
C880,,ea
E880,,441.59999999999997
F880,=E880*D880,0
B881,,300MM X 225MM Reducer
C881,,ea
E881,,262.2
F881,=E881*D881,0
B882,,300MM X 90Deg Bend
C882,,ea
E882,,345
F882,=E882*D882,0
B883,,300MM X 45Deg Bend
C883,,ea
E883,,262.2
F883,=E883*D883,0
B884,,300MM X 150 Junction
C884,,ea
E884,,455.4
F884,=E884*D884,0
B885,,225MM * 45D PVC JUNCTION
C885,,ea
E885,,117.645
F885,=E885*D885,0
B886,,225X150X45D PVC JUNCTION
C886,,ea
E886,,289.79999999999995
F886,=E886*D886,0
B887,,225MM X 90Deg Bend
C887,,ea
E887,,85.55999999999999
F887,=E887*D887,0
B888,,225MM X 45Deg Bend
C888,,ea
E888,,84.17999999999999
F888,=E888*D888,0
B889,,225MM X 150MM Reducer
C889,,ea
E889,,62.099999999999994
F889,=E889*D889,0
B890,,150 PVC DWV 45Deg Junct
C890,,ea
E890,,24.839999999999996
F890,=E890*D890,0
B891,,150MM X 90Deg Bend
C891,,ea
E891,,22.08
F891,=E891*D891,0
B892,,150MM X 45Deg Bend
C892,,ea
E892,,16.56
F892,=E892*D892,0
B893,,150X100X45D PVC JUNCTION
C893,,ea
E893,,22.08
F893,=E893*D893,0
B894,,PVC PIPE REDUCER 150X 100 mm
C894,,ea
E894,,22.08
F894,=E894*D894,0
B895,,100MM * 45D PVC JUNCTION 
C895,,ea
E895,,6.486
F895,=E895*D895,0
B896,,100X50 X45D PVC JUNCTION
C896,,ea
E896,,22.08
F896,=E896*D896,0
B897,,PVC PIPE REDUCER 100X 50 mm
C897,,ea
E897,,22.08
F897,=E897*D897,0
B898,,100MM X 90Deg Bend
C898,,ea
E898,,16.56
F898,=E898*D898,0
B899,,100MM X 45Deg Bend
C899,,ea
E899,,16.56
F899,=E899*D899,0
B900,,50 PVC X 45D PVC JUNCTION
C900,,ea
E900,,19.32
F900,=E900*D900,0
B901,,50MM X 90Deg  PVC Bend
C901,,ea
E901,,0.8969999999999999
F901,=E901*D901,0
B902,,50MM X 45Deg  PVC Bend
C902,,ea
E902,,0.8969999999999999
F902,=E902*D902,0
E903,,0
F903,=E903*D903,0
E904,,0
F904,=E904*D904,0
B905,,150mm PVC 10mm nut hanging clip
C905,,ea
E905,,2.622
F905,=E905*D905,0
B906,,10mm Zinc Threaded Rod
C906,,m
E906,,2.76
F906,=E906*D906,0
B907,,Glue - Blue - 4Ltr
C907,,ea
E907,,36.431999999999995
F907,=E907*D907,0
B908,,Primer - Red - 4Ltr
C908,,ea
E908,,31.74
F908,=E908*D908,0
E909,,0
F909,=E909*D909,0
B910,,SW_RRJ (RIBBED) Fittings
E910,,0
F910,=E910*D910,0
E911,,0
F911,=E911*D911,0
B912,,375MM X 45Deg  Bend
C912,,ea
E912,,362.1396
F912,=E912*D912,0
B913,,DN 375 X DN150 45 DEG BLACKMAX REDUCING JUNCTION (PVC FAB)
C913,,ea
E913,,827.9999999999999
F913,=E913*D913,0
B914,,DN375 x dn225 BlackMax® Reducing Adaptor FF RRJ x DWV SWJ (PVC Fab)
C914,,ea
E914,,552
F914,=E914*D914,0
E915,,0
F915,=E915*D915,0
B916,,DN 300 X DN150 45 DEG BLACKMAX REDUCING JUNCTION (PVC FAB)
C916,,ea
E916,,690
F916,=E916*D916,0
B917,,DN300 BLACK MAX 45 DEG BEND 
C917,,ea
E917,,413.99999999999994
F917,=E917*D917,0
B918,,DN300 x dn225 BlackMax® Reducing Adaptor FF RRJ x DWV SWJ (PVC Fab)
C918,,ea
E918,,413.99999999999994
F918,=E918*D918,0
B919,,DN300 BLACK MAX 45 DEG BEND 
C919,,ea
E919,,413.99999999999994
F919,=E919*D919,0
B920,,SWGP 1 300 x300 x450 
C920,,ea
E920,=89.62+37.92,127.54
F920,=E920*D920,0
B921,,SWGP 2 600x600 x600 
C921,,ea
E921,=228+147,375
F921,=E921*D921,0
B922,,SWGP 4  450x450x600
C922,,ea
E922,=166+84,250
F922,=E922*D922,0
B923,,150mm Cap 
C923,,ea
E923,,20.7
F923,=E923*D923,0
B924,,	150mm expansion coupler
C924,,ea
E924,,110.39999999999999
F924,=E924*D924,0
B925,,	450X450 GRATED SW GULLY
C925,,ea
E925,,180
F925,=E925*D925,0
B928,,FITOFF
B930,,Fit-Off Material; Ground & First Floor -
C930,,ea
D930,,1
E930,,1800
F930,=E930*D930,1800
B931,,Fit-Off Material; Ground & First Floor -
C931,,ea
E931,,1801
F931,=E931*D931,0
C935,,SUB TOTALS
F936,=SUM(F15:F935),32725.193973333324
E939,,Contingency
F939,,0.12
E940,,Deliveries
F940,,6500
C942,,TOTALS
F943,=F936+(F936*F939)+F940,43152.217250133326
B949,,Excavation/Quarry/Misc/ Takeoff.
C950,,Qty
D950,,Unit
B951,,Avrg Trench = .900D*.450W
C951,=C955,389
D951,,m
B952,,L/M Of Asphalt Reinstate
C952,,0
D952,,m
B953,,M2 Of Asphalt Reinstate
C953,,0
D953,,m2
B954,,L/M Of CBR Reinstate
C954,,0
D954,,m
B955,,L/M of Inground Pipe (Average Depth)
C955,=SUM(D366:D370)+D724+D741+D742+D813,389
D955,,m
B956,,L/M of Inground Pipe (Deeper Than Average Depth)
D956,,m
B957,,Avergage of trtenches 'Shared'…. Shared trench Factor
C957,,0.1
D957,,m
B958,,SEWER / SW / TW - InGrnd
D958,,m
E958,=C958/(C955+C956),0
B959,,WAT / FIRE - InGrnd
D959,,m
E959,=C959/(C955+C956),0
B960,,SPK - InGrnd
D960,,m
E960,=C960/(C955+C956),0
C963,,D
D963,,W
E963,,L
F963,,Spoil/Compact Factor;
G963,,Shared Trench Factor
H963,,Total m3 - EXCAVATED
I963,,"Total M3 - Bed, Pipe, Cover reduction"
J963,,Total M3 - Backfill Req (Less Bed&Pipe)
K963,,Total M3 - Spoil - REMOVE
L963,,TCS Load - Haulage & dump rate only
B964,=B955,L/M of Inground Pipe (Average Depth)
C964,,0.95
D964,,0.6
E964,=C955,389
F964,,1.3
G964,=C957,0.1
H964,=(C964*D964*E964)*F964-(C964*D964*E964*G964),266.076
B965,=B956,L/M of Inground Pipe (Deeper Than Average Depth)
C965,,1.1
D965,,0.5
E965,=C956,0
F965,,1.3
G965,,0
H965,=(C965*D965*E965)*F965,0
B966,,"L/M of Bed, Pipe, Cover material reduction (Average Depth)"
C966,,0.35
D966,=D964,0.6
E966,=E964,389
F966,,0
G966,=C957,0.1
I966,=(C966*D966*E966)-(C966*D966*E966*G966),73.521
B967,,"L/M of Bed, Pipe, Cover material reduction (Deeper Than Average Depth)"
C967,,0.2
D967,=D965,0.5
E967,=E965,0
F967,,0
G967,=G965,0
I967,=(C967*D967*E967)-(C967*D967*E967*G967),0
B968,,L/M of BACKFILL required (Average Depth)
C968,=C964,0.95
D968,=D964,0.6
E968,=E964,389
F968,,1.3
G968,=C957,0.1
J968,=(C968*D968*E968*F968)-(C968*D968*E968*G968)-I966,192.555
B969,,L/M of BACKFILL required (Deeper Than Average Depth)
C969,=C965,1.1
D969,=D965,0.5
E969,=E965,0
F969,,1.3
G969,=G965,0
J969,=(C969*D969*E969*F969)-(C969*D969*E969*G969)-I967,0
K970,,QTY
L970,,Rate
M970,,Total
H971,=SUM(H964:H970),266.076
I971,=SUM(I964:I970),73.521
J971,=SUM(J964:J970),192.555
K971,=H971-J971,73.52100000000002
L971,,15
M971,=K971*L971,1102.8150000000003
B977,,Thrust Block Concrete
C977,,m3/TB
D977,,Qty
E977,,Total m3
F977,,Contingency
G977,,Total m3
H977,,Total Cost
C978,,0.1
E978,=D978*C978,0
F978,,1.1
G978,=E978*F978,0
H978,=G978*E1003,0
B981,,Quarry & Concrete Product
M982,,1.12
B983,,Description
C983,,Unit/LM
D983,,Unit
E983,,Rate
F983,,Rate/LM
I983,,QTY
J983,,Shared Trench Factor
K983,,Total Req.
L983,,Total
M983,,Contingency
N983,,TOTAL
O983,,Drainage Use
P983,,Fire/WAT Use
Q983,,SPK Use
B984,,5-7mm Stone
C984,,0.203
D984,,Ton
E984,=E996,62
F984,=E984*C984,12.586
I984,=C984*(C955+C956),78.967
J984,=C957,0.1
K984,=I984-(I984*J984),71.0703
L984,=K984*E984,4406.3586000000005
M984,=(L984*M982)-L984,528.7630320000007
N984,=L984*M982,4935.121632000001
O984,=N984*E958,0
B985,,5-7mm Stone
C985,,0.14
D985,,m3
E985,=E996,62
F985,=(E985*C985)*1.95,16.926000000000002
B986,,10-12mm Stone
C986,,0.45
D986,,Ton
E986,=E997,62
F986,=E986*C986,27.900000000000002
I986,,0
L986,=I986*E986,0
N986,=L986*$L$297,0
B987,,80-110mm Stone
C987,,0
D987,,Ton
E987,=E998,25
F987,=E987*C987,0
I987,,0
L987,=I987*E987,0
N987,=L987*$L$297,0
B988,,Medium River / Bed Sand
C988,,0.225
D988,,Ton
E988,=E999,62
F988,=E988*C988,13.950000000000001
I988,=C988*(C955+C956),87.525
J988,=C957,0.1
K988,=I988-(I988*J988),78.77250000000001
L988,=K988*E988,4883.895
M988,=(L988*M982)-L988,586.0674000000008
N988,=L988*M982,5469.962400000001
P988,=N988*E959,0
Q988,=N988*E960,0
B989,,Medium River / Bed Sand
C989,,0.14
D989,,m3
E989,=E999,62
F989,=(E989*C989)*1.5,13.020000000000003
B990,,CBR15 Road Base
C990,,0.36
D990,,Ton
E990,=F1000,27
F990,=E990*C990,9.719999999999999
I990,=C954*C990,0
L990,=I990*E990,0
N990,=L990*$L$297,0
B991,,CBR45
C991,,0.36
D991,,Ton
E991,=F1001,30
F991,=E991*C991,10.799999999999999
I991,=C991*C954,0
L991,=I991*E991,0
N991,=L991*$L$297,0
B992,,LEANMIX
C992,,0.3
D992,,m3
E992,=N1002,0
F992,=E992*C992,0
I992,=C992*C952,0
L992,=E992*I992,0
N992,=L992*$L$297,0
E994,,TCS
F994,,Q2
B995,,Description
D995,,Unit
E995,,Rate
F995,,Rate
B996,,5-7mm Stone
D996,,T
E996,,62
F996,,31
B997,,10-12mm Stone
D997,,T
E997,,62
F997,,39
B998,,80-110mm Stone
D998,,T
E998,,25
F998,,29
B999,,Medium River / Bed Sand
D999,,T
E999,,62
F999,,26
B1000,,CBR15 Road Base
D1000,,T
E1000,,48
F1000,,27
B1001,,CBR45
D1001,,T
E1001,,50
F1001,,30
B1002,,LEANMIX_20mm-12:1
D1002,,M3
E1002,,168
F1002,,0
B1003,,Concrete_25/20/80
D1003,,M3
E1003,,153
F1003,,0
